brand,product_name,current_price,original_price,discount,image_url,detail_url,source_url,page_number,category,scraped_at
Mahina,Women Leak Proof Period Briefs,799,799,,"https://assets.myntassets.com/dpr_2,q_60,w_210,c_limit,fl_progressive/assets/images/2024/SEPTEMBER/12/Aaqgx87h_49adc1d8a3564b7f94378ebd6c20d22c.jpg",https://www.myntra.com/briefs/mahina/mahina-reusable--leak-proof-period-panty-black-cotton-high-rise-heavy-flow/30895292/buy,https://www.myntra.com/women-briefs,1,lingerie_loungewear_briefs,2025-08-12T11:31:55.672485Z
Theater,Semi Sheer Fur Stockings,955,1990,(52% OFF),"https://assets.myntassets.com/dpr_2,q_60,w_210,c_limit,fl_progressive/assets/images/26026086/2024/12/12/1005fb27-73eb-4de0-8c14-3a4885009e6c1733994792204-Theater-Semi-Sheer-Winter-Fur-Stockings-5221733994791499-1.jpg",https://www.myntra.com/stockings/theater/theater-women-semi-sheer-winter-fur-stockings/26026086/buy,https://www.myntra.com/women-briefs,1,lingerie_loungewear_briefs,2025-08-12T11:31:56.298573Z
CareDone,Women High Waist Stockings,484,1499,(Rs. 1015 OFF),"https://assets.myntassets.com/dpr_2,q_60,w_210,c_limit,fl_progressive/assets/images/2025/MARCH/29/xu248Xou_cb078b7f8a8e4538910b46c46dff9d3b.jpg",https://www.myntra.com/stockings/caredone/caredone-women-high-waist-stretchable-thermal-winter-dual-tone-stockings/33398132/buy,https://www.myntra.com/women-briefs,1,lingerie_loungewear_briefs,2025-08-12T11:31:56.695575Z
Theater,Solid Sheer Stockings,600,790,(24% OFF),"https://assets.myntassets.com/dpr_2,q_60,w_210,c_limit,fl_progressive/assets/images/17277770/2024/11/30/10676ec5-c7af-4109-91a6-3dc7834410e11732971623243-Theater-Women-Black-Solid-Sheer-Stockings-3441732971622713-1.jpg",https://www.myntra.com/stockings/theater/theater-women-black-solid-sheer-stockings/17277770/buy,https://www.myntra.com/women-briefs,1,lingerie_loungewear_briefs,2025-08-12T11:31:57.069840Z
Zivame,Women Pack Of 5 Hipster Briefs,1011,1445,(30% OFF),"https://assets.myntassets.com/dpr_2,q_60,w_210,c_limit,fl_progressive/assets/images/2025/MARCH/17/8vjH1wlL_f962385ac4ce494499d779aaadca7143.jpg",https://www.myntra.com/briefs/zivame/zivame-women-pack-of-5-anti-microbial-hipster-briefs/33206925/buy,https://www.myntra.com/women-briefs,1,lingerie_loungewear_briefs,2025-08-12T11:31:57.402237Z
Alexvyan,High-Rise Winter Stockings,499,1299,(Rs. 800 OFF),"https://assets.myntassets.com/dpr_2,q_60,w_210,c_limit,fl_progressive/assets/images/23898180/2023/7/6/366fbe60-1088-4e3d-9053-8bd82820cb5b1688634973852AlexvyanWarmThickFurSoftStocking1.jpg",https://www.myntra.com/stockings/alexvyan/alexvyan-high-rise-opaque-fleece-stretchable-winter-stockings/23898180/buy,https://www.myntra.com/women-briefs,1,lingerie_loungewear_briefs,2025-08-12T11:31:57.814599Z
N2S NEXT2SKIN,Women Solid Stockings,351,390,(10% OFF),"https://assets.myntassets.com/dpr_2,q_60,w_210,c_limit,fl_progressive/assets/images/13838330/2023/5/13/7742acf6-1ac8-404f-a6b7-738c870550471683959829606-N2S-NEXT2SKIN-Women-Black-Solid-Stockings-4541683959829145-1.jpg",https://www.myntra.com/stockings/n2s+next2skin/n2s-next2skin-women-black-solid-stockings/13838330/buy,https://www.myntra.com/women-briefs,1,lingerie_loungewear_briefs,2025-08-12T11:31:58.147795Z
Brauch,Stretchable Stockings,839,2999,(72% OFF),"https://assets.myntassets.com/dpr_2,q_60,w_210,c_limit,fl_progressive/assets/images/29918851/2024/6/7/04b20d7b-3245-4000-bcb4-888230666fc21717755629756Dualtonefurstocking1.jpg",https://www.myntra.com/stockings/brauch/brauch-women-stretchable-fleece-fur-thermal-stockings/29918851/buy,https://www.myntra.com/women-briefs,1,lingerie_loungewear_briefs,2025-08-12T11:31:58.520297Z
Shapercult,Women Transparent Stockings,699,1998,(65% OFF),"https://assets.myntassets.com/dpr_2,q_60,w_210,c_limit,fl_progressive/assets/images/32532144/2025/4/25/0c9c887e-2a5c-4059-b724-529c42c53ed11745597823599-Shapercult-Women-Ultra-Premium-Anti-Scratch-Transparent-Stoc-1.jpg",https://www.myntra.com/stockings/shapercult/shapercult-women-ultra-premium-anti-scratch-transparent-stockings/32532144/buy,https://www.myntra.com/women-briefs,1,lingerie_loungewear_briefs,2025-08-12T11:31:58.915349Z
Theater,Solid Sheer Stockings,600,790,(24% OFF),"https://assets.myntassets.com/dpr_2,q_60,w_210,c_limit,fl_progressive/assets/images/17277822/2024/11/30/0f97d229-2ca5-4e8b-8fb8-3e6ba06ab5a81732971628297-Theater-Women-Beige-Solid-Sheer-Stockings-3821732971627844-1.jpg",https://www.myntra.com/stockings/theater/theater-women-beige-solid-sheer-stockings/17277822/buy,https://www.myntra.com/women-briefs,1,lingerie_loungewear_briefs,2025-08-12T11:31:59.314065Z
Soie,Women Pack Of 3 Briefs,582,640,(9% OFF),"https://assets.myntassets.com/dpr_2,q_60,w_210,c_limit,fl_progressive/assets/images/2024/OCTOBER/30/fN0h11Lr_07cb2bd3e0004d1f83a62f0c0e31ce1e.jpg",https://www.myntra.com/briefs/soie/soie-women-pack-of-3-printed-hipster-briefs/31458654/buy,https://www.myntra.com/women-briefs,1,lingerie_loungewear_briefs,2025-08-12T11:31:59.716432Z
N2S NEXT2SKIN,Women Solid Pantyhose Stockings,351,390,(10% OFF),"https://assets.myntassets.com/dpr_2,q_60,w_210,c_limit,fl_progressive/assets/images/13863288/2022/5/8/b8ffc45b-6188-44c9-9d4f-f0e5ac9741fb1652022475653N2SNEXT2SKINWomenBeigeSolidPantyhoseStockings1.jpg",https://www.myntra.com/stockings/n2s+next2skin/n2s-next2skin-women-beige-solid-pantyhose-stockings-/13863288/buy,https://www.myntra.com/women-briefs,1,lingerie_loungewear_briefs,2025-08-12T11:32:00.049102Z
Shapercult,Women Transparent Stockings,699,1998,(65% OFF),"https://assets.myntassets.com/dpr_2,q_60,w_210,c_limit,fl_progressive/assets/images/32532196/2025/4/25/9c7ffdae-13bd-4ff8-9e5c-f501d65905b01745597908643-Shapercult-Women-Ultra-Premium-Anti-Scratch-Transparent-Stoc-1.jpg",https://www.myntra.com/stockings/shapercult/shapercult-women-ultra-premium-anti-scratch-transparent-stockings/32532196/buy,https://www.myntra.com/women-briefs,1,lingerie_loungewear_briefs,2025-08-12T11:32:00.619294Z
Theater,Solid Stockings,819,1490,(Rs. 671 OFF),"https://assets.myntassets.com/dpr_2,q_60,w_210,c_limit,fl_progressive/assets/images/20181944/2024/11/21/6f9ecd51-ce72-476d-b2f3-6b977e765c201732168442205-Theater-Women-Solid-Fur-Stockings-9161732168441796-1.jpg",https://www.myntra.com/stockings/theater/theater-women-solid-winter-fur-stockings/20181944/buy,https://www.myntra.com/women-briefs,1,lingerie_loungewear_briefs,2025-08-12T11:32:01.194878Z
PLUMBURY,Thermal Warm Winter Stockings,627,1650,(62% OFF),"https://assets.myntassets.com/dpr_2,q_60,w_210,c_limit,fl_progressive/assets/images/2024/NOVEMBER/22/4BHOUmCo_263ce30395d7474392f11f10993f5b3b.jpg",https://www.myntra.com/stockings/plumbury/plumbury-dual-tone-fleece-thermal-warm-winter-stockings/31717293/buy,https://www.myntra.com/women-briefs,1,lingerie_loungewear_briefs,2025-08-12T11:32:01.592487Z
Theater,Thigh High Stockings,342,450,(24% OFF),"https://assets.myntassets.com/dpr_2,q_60,w_210,c_limit,fl_progressive/assets/images/17277828/2024/11/15/acf1cbb1-d0fb-472c-bd1b-cee0266a27a01731678764760-Theater-Women-Black-Solid-Thigh-High-Stockings-4311731678764-1.jpg",https://www.myntra.com/stockings/theater/theater-women-black-solid-thigh-high-stockings/17277828/buy,https://www.myntra.com/women-briefs,1,lingerie_loungewear_briefs,2025-08-12T11:32:01.942732Z
Trendyol,Cut Out Detail Basic Briefs,1499,2499,(40% OFF),"https://assets.myntassets.com/dpr_2,q_60,w_210,c_limit,fl_progressive/assets/images/27681426/2024/2/19/af0b90dd-9949-4dcf-a719-7126db95e7fe1708332596061Briefs1.jpg",https://www.myntra.com/briefs/trendyol/trendyol-cut-out-detail-basic-briefs-/27681426/buy,https://www.myntra.com/women-briefs,1,lingerie_loungewear_briefs,2025-08-12T11:32:02.331402Z
N2S NEXT2SKIN,Women Pack Of 2 Solid Pantyhose Stockings,702,780,(10% OFF),"https://assets.myntassets.com/dpr_2,q_60,w_210,c_limit,fl_progressive/assets/images/16483368/2023/5/13/572238dd-e5bd-42d1-b962-a4a1403ebb6c1683959926749-N2S-NEXT2SKIN-Women-Pack-Of-2-Solid-Pantyhose-Stockings-8241-1.jpg",https://www.myntra.com/stockings/n2s+next2skin/n2s-next2skin-women-pack-of-2-solid-pantyhose-stockings/16483368/buy,https://www.myntra.com/women-briefs,1,lingerie_loungewear_briefs,2025-08-12T11:32:02.634097Z
Alexvyan,Dual Tone Winter Stockings,699,1499,(Rs. 800 OFF),"https://assets.myntassets.com/dpr_2,q_60,w_210,c_limit,fl_progressive/assets/images/26226958/2023/12/6/114cb513-b8d3-41e8-b862-02d7493789e41701843269900Stockings1.jpg",https://www.myntra.com/stockings/alexvyan/alexvyan-dual-tone-fleece-thermal-warm-winter-stockings/26226958/buy,https://www.myntra.com/women-briefs,1,lingerie_loungewear_briefs,2025-08-12T11:32:02.946640Z
Zivame,Pack Of 3 Hipster Briefs,495,799,(38% OFF),"https://assets.myntassets.com/dpr_2,q_60,w_210,c_limit,fl_progressive/assets/images/2025/APRIL/17/2PKddsKU_bc4019c6ea524c5bb13189188cf978ae.jpg",https://www.myntra.com/briefs/zivame/zivame-pack-of-3-hipster-briefs-zi28ca-c-water-s-burn-blue-d--/33642536/buy,https://www.myntra.com/women-briefs,1,lingerie_loungewear_briefs,2025-08-12T11:32:03.273690Z
Brauch,Fleece Stretchable Stocking,749,2499,(70% OFF),"https://assets.myntassets.com/dpr_2,q_60,w_210,c_limit,fl_progressive/assets/images/29683238/2024/5/22/c56d6e83-1daa-45f5-8079-d88203f787911716367918188BrauchStretchablePantyhoseStockings1.jpg",https://www.myntra.com/stockings/brauch/brauch-women-fleece-fur-thermal-stretchable-stockings/29683238/buy,https://www.myntra.com/women-briefs,1,lingerie_loungewear_briefs,2025-08-12T11:32:03.599969Z
Theater,Noire Stockings,600,790,(24% OFF),"https://assets.myntassets.com/dpr_2,q_60,w_210,c_limit,fl_progressive/assets/images/17277760/2024/11/15/9765f08e-58a7-4fe2-9e3f-b248fdcfe2331731678700186-Theater-Women-Black-Solid-Semi-Sheer-Noire-Stockings-4961731-1.jpg",https://www.myntra.com/stockings/theater/theater-women-black-solid-semi-sheer-noire-stockings/17277760/buy,https://www.myntra.com/women-briefs,1,lingerie_loungewear_briefs,2025-08-12T11:32:03.858647Z
Jockey,Women Solid Boy Shorts Briefs,249,249,,"https://assets.myntassets.com/dpr_2,q_60,w_210,c_limit,fl_progressive/assets/images/15034238/2021/8/13/0195ae13-0268-414c-b69e-f03a73b01e811628833054389-Jockey-Women-Black-Boy-Shorts-SS04-9891628833054202-1.jpg",https://www.myntra.com/briefs/jockey/jockey-women-black-solid-boy-shorts-briefs-ss04-0105/15034238/buy,https://www.myntra.com/women-briefs,1,lingerie_loungewear_briefs,2025-08-12T11:32:04.147718Z
Poftik,Stretchable Pantyhose Stocking,632,1150,(45% OFF),"https://assets.myntassets.com/dpr_2,q_60,w_210,c_limit,fl_progressive/assets/images/30109309/2024/7/3/17ac6335-3b15-4227-871c-fe276ee078161720008244247PoftikStretchablePantyhoseStockings1.jpg",https://www.myntra.com/stockings/poftik/poftik-fur-lined-high-waist-dual-tone-pantyhose-winter-stockings/30109309/buy,https://www.myntra.com/women-briefs,1,lingerie_loungewear_briefs,2025-08-12T11:32:04.464970Z
Theater,Sheer Rhinestones Stockings,711,790,(10% OFF),"https://assets.myntassets.com/dpr_2,q_60,w_210,c_limit,fl_progressive/assets/images/28434988/2024/11/15/457d0203-1bb4-4aec-aea4-65d04aa578c11731678971714-Theater-Sheer-Rhinestones-pantyhose-Stretchable-Stockings-41-1.jpg",https://www.myntra.com/stockings/theater/theater-women-sheer-rhinestone-pantyhose-stretchable-stockings/28434988/buy,https://www.myntra.com/women-briefs,1,lingerie_loungewear_briefs,2025-08-12T11:32:05.569778Z
MomToBe,Pack Of 2 Maternity Briefs,799,2664,(70% OFF),"https://assets.myntassets.com/dpr_2,q_60,w_210,c_limit,fl_progressive/assets/images/34658690/2025/6/21/625b1099-9f10-4322-8f99-3f77c4e24cf31750505313527-MomToBe-Pack-Of-2-Cotton-Anti-Microbial-High-Rise-Maternity--1.jpg",https://www.myntra.com/briefs/momtobe/momtobe-pack-of-2-cotton-anti-microbial-high-rise-maternity-briefs-5519recrmblmp-m-/34658690/buy,https://www.myntra.com/women-briefs,1,lingerie_loungewear_briefs,2025-08-12T11:32:06.535152Z
CareDone,Women Stretchable Stocking,499,1499,(Rs. 1000 OFF),"https://assets.myntassets.com/dpr_2,q_60,w_210,c_limit,fl_progressive/assets/images/28810010/2024/4/10/9023995c-7fc0-43fd-b249-eb5eb9b19cf61712730793995Stockings1.jpg",https://www.myntra.com/stockings/caredone/caredone-women-high-waist-stretchable-fleece-thermal-winter-dual-tone-stocking/28810010/buy,https://www.myntra.com/women-briefs,1,lingerie_loungewear_briefs,2025-08-12T11:32:07.248393Z
Alexvyan,High-Rise Winter Stockings,499,1299,(Rs. 800 OFF),"https://assets.myntassets.com/dpr_2,q_60,w_210,c_limit,fl_progressive/assets/images/23908098/2023/7/6/3f8dc569-686d-409f-aa00-faef50fe90b11688644133264Stockings1.jpg",https://www.myntra.com/stockings/alexvyan/alexvyan-high-rise-opaque-fleece-stretchable-winter-stockings/23908098/buy,https://www.myntra.com/women-briefs,1,lingerie_loungewear_briefs,2025-08-12T11:32:07.918168Z
Soie,Pack Of 3 Hipster Briefs,582,640,(9% OFF),"https://assets.myntassets.com/dpr_2,q_60,w_210,c_limit,fl_progressive/assets/images/30232179/2024/11/22/b973f101-d893-45bf-a71d-c564b91265981732282134979-Soie-Pack-Of-3-Full-Coverage-Hipster-Briefs-3HWB-31-P-15-A-9-1.jpg",https://www.myntra.com/briefs/soie/soie-pack-of-3-full-coverage-hipster-briefs-3hwb-31-p-15-a/30232179/buy,https://www.myntra.com/women-briefs,1,lingerie_loungewear_briefs,2025-08-12T11:32:08.382260Z
Marks & Spencer,Pack Of 3 Sheer Stockings,699,699,,"https://assets.myntassets.com/dpr_2,q_60,w_210,c_limit,fl_progressive/assets/images/25964418/2023/11/21/58d2e5fc-a5a2-4ded-ab05-7c865c94ae281700552602523Tights1.jpg",https://www.myntra.com/stockings/marks+%26+spencer/marks--spencer-pack-of-3-sheer-stretchable-stockings/25964418/buy,https://www.myntra.com/women-briefs,1,lingerie_loungewear_briefs,2025-08-12T11:32:08.712378Z
Theater,Sheered Stockings,600,790,(24% OFF),"https://assets.myntassets.com/dpr_2,q_60,w_210,c_limit,fl_progressive/assets/images/31371342/2024/11/30/ae159821-8210-408e-97aa-7640de863f191732971644348-Theater-Women-Thigh-High-Sheered-Stockings-2611732971643865-1.jpg",https://www.myntra.com/stockings/theater/theater-women-thigh-high-sheered-stockings/31371342/buy,https://www.myntra.com/women-briefs,1,lingerie_loungewear_briefs,2025-08-12T11:32:09.059218Z
Soie,3Pc Printed Hipster Briefs,600,690,(13% OFF),"https://assets.myntassets.com/dpr_2,q_60,w_210,c_limit,fl_progressive/assets/images/30115596/2024/7/17/853c58eb-b71d-4950-8be3-82fb7b91f7081721187666930-Soie-Women-Pack-Of-3-Printed-Hipster-Briefs--3HWB-32-P-4-262-1.jpg",https://www.myntra.com/briefs/soie/soie-women-pack-of-3-printed-hipster-briefs--3hwb-32-p-4/30115596/buy,https://www.myntra.com/women-briefs,1,lingerie_loungewear_briefs,2025-08-12T11:32:09.394977Z
CareDone,Stretchable Thermal Stockings,499,1499,(Rs. 1000 OFF),"https://assets.myntassets.com/dpr_2,q_60,w_210,c_limit,fl_progressive/assets/images/30529622/2024/8/10/2998e6ae-2f6f-407e-898f-02f5be82f17f1723275542703-CareDone-Stretchable-Fleece-Fur-Thermal-Stockings-2601723275-1.jpg",https://www.myntra.com/stockings/caredone/caredone-women-high-waist-stretchable-fleece-thermal-winter-dual-tone-stocking/30529622/buy,https://www.myntra.com/women-briefs,1,lingerie_loungewear_briefs,2025-08-12T11:32:09.739751Z
Secret Lives,Women Full Body Stockings,575,1599,(64% OFF),"https://assets.myntassets.com/dpr_2,q_60,w_210,c_limit,fl_progressive/assets/images/24668336/2023/8/25/a4f5720a-25d3-4ec2-b4d7-165fdf9b3af11692968965282Stockings1.jpg",https://www.myntra.com/stockings/secret+lives/secret-lives-women-self-design-full-body-stockings/24668336/buy,https://www.myntra.com/women-briefs,1,lingerie_loungewear_briefs,2025-08-12T11:32:10.164720Z
Soie,Women Pack Of 3 Basic Briefs,347,740,(53% OFF),"https://assets.myntassets.com/dpr_2,q_60,w_210,c_limit,fl_progressive/assets/images/20444312/2022/10/18/59cb441d-ad61-479f-a53f-c787972a9fe21666083863832SoieWomenPackOf3BasicBriefs1.jpg",https://www.myntra.com/briefs/soie/soie-women-mid-rise-medium-coverage-solid-and-printed-cotton-stretch-briefs-pack-of-3/20444312/buy,https://www.myntra.com/women-briefs,1,lingerie_loungewear_briefs,2025-08-12T11:32:10.561897Z
Shapercult,Plus Size Fishnet Stockings,369,998,(63% OFF),"https://assets.myntassets.com/dpr_2,q_60,w_210,c_limit,fl_progressive/assets/images/32532202/2025/4/25/d7ea4112-df64-4427-87be-0068c162941b1745597913203-Shapercult-Women-Plus-Size-Fishnet-Stockings-508174559791285-1.jpg",https://www.myntra.com/stockings/shapercult/shapercult-women-plus-size-fishnet-stockings/32532202/buy,https://www.myntra.com/women-briefs,1,lingerie_loungewear_briefs,2025-08-12T11:32:10.995810Z
Theater,Solid Stockings,715,1490,(52% OFF),"https://assets.myntassets.com/dpr_2,q_60,w_210,c_limit,fl_progressive/assets/images/20181948/2024/12/12/401b793e-1313-4172-bb90-84c15c6572b51733995086973-Theater-Women-Solid-Winter-Fur-Stockings-2291733995086415-1.jpg",https://www.myntra.com/stockings/theater/theater-women-solid-winter-fur-stockings/20181948/buy,https://www.myntra.com/women-briefs,1,lingerie_loungewear_briefs,2025-08-12T11:32:11.387821Z
Shapercult,Thermal Stockings,863,2398,(64% OFF),"https://assets.myntassets.com/dpr_2,q_60,w_210,c_limit,fl_progressive/assets/images/32532396/2025/4/25/f1c3f1e4-449b-4223-a621-4189de3e389d1745597925850-Shapercult-Women-Ultra-Premium-Thermal-Stockings-25617455979-1.jpg",https://www.myntra.com/stockings/shapercult/shapercult-women-ultra-premium-thermal-stockings/32532396/buy,https://www.myntra.com/women-briefs,1,lingerie_loungewear_briefs,2025-08-12T11:32:11.826181Z
exciting Lives,Stockings And Panties Set,495,799,(38% OFF),"https://assets.myntassets.com/dpr_2,q_60,w_210,c_limit,fl_progressive/assets/images/2025/FEBRUARY/3/Zsj6MJn7_6394fd2a10b044b6863833c4aab0abb0.jpg",https://www.myntra.com/stockings/exciting+lives/exciting-lives-women-play-time-stockings-and-panties-set/32614707/buy,https://www.myntra.com/women-briefs,1,lingerie_loungewear_briefs,2025-08-12T11:32:12.249764Z
StyFun,Fleece Winter Stockings,469,1299,(Rs. 830 OFF),"https://assets.myntassets.com/dpr_2,q_60,w_210,c_limit,fl_progressive/assets/images/2025/MAY/14/I1MHDsf1_5b5ab4799ec142b6b9182fb4716d2f28.jpg",https://www.myntra.com/stockings/styfun/styfun-high-waisted-fleece-winter-stockings/34133307/buy,https://www.myntra.com/women-briefs,1,lingerie_loungewear_briefs,2025-08-12T11:32:12.638313Z
Zivame,Pack of 3 Mid-Rise Hipster,495,799,(38% OFF),"https://assets.myntassets.com/dpr_2,q_60,w_210,c_limit,fl_progressive/assets/images/32041680/2024/12/21/9499f607-7f18-42d2-8014-73bd10f53be31734756692888ZivameFullCoverageMediumRiseHipsterPantyPackof3-Roebuck1.jpg",https://www.myntra.com/briefs/zivame/zivame-women-pack-of-3-pure-cotton-hipster-briefs-zi28ca-roebuck-roebuck-roebuck/32041680/buy,https://www.myntra.com/women-briefs,1,lingerie_loungewear_briefs,2025-08-12T11:32:13.060463Z
N2S NEXT2SKIN,Women Solid Low Denier Pantyhose Stockings,300,320,(6% OFF),"https://assets.myntassets.com/dpr_2,q_60,w_210,c_limit,fl_progressive/assets/images/13863290/2023/6/12/c9c5cf97-d492-4855-8d78-033f74f374fb1686553852420-N2S-NEXT2SKIN-Women-Beige-Solid-Low-Denier-Sheer-Pantyhose-S-1.jpg",https://www.myntra.com/stockings/n2s+next2skin/n2s-next2skin-women-beige-solid-low-denier-sheer-pantyhose-stockings/13863290/buy,https://www.myntra.com/women-briefs,1,lingerie_loungewear_briefs,2025-08-12T11:32:13.466688Z
Poftik,Legging Warm Stockings,646,1175,(45% OFF),"https://assets.myntassets.com/dpr_2,q_60,w_210,c_limit,fl_progressive/assets/images/30134222/2024/7/5/7fafa0b9-7e2b-44f7-bbb2-d49903d179721720180062391PoftikDualToneWinterWarmStretchableStockings1.jpg",https://www.myntra.com/stockings/poftik/poftik-legging-winter-warm-stretchable-stockings/30134222/buy,https://www.myntra.com/women-briefs,1,lingerie_loungewear_briefs,2025-08-12T11:32:13.841322Z
Nykd,Women Solid Cotton Full Brief,399,399,,"https://assets.myntassets.com/dpr_2,q_60,w_210,c_limit,fl_progressive/assets/images/18940172/2022/7/1/846c5971-5c54-42ad-9c90-74fc5dd4ce411656671767465Briefs1.jpg",https://www.myntra.com/briefs/nykd/nykd-women-bonded-no-vpl-hipster-brief--nyp210/18940172/buy,https://www.myntra.com/women-briefs,1,lingerie_loungewear_briefs,2025-08-12T11:32:14.183679Z
Shapercult,Women Transparent Stockings,699,1998,(65% OFF),"https://assets.myntassets.com/dpr_2,q_60,w_210,c_limit,fl_progressive/assets/images/32532403/2025/4/25/815961d4-183a-409e-a1c1-2bbebaa2353b1745597929425-Shapercult-Women-Ultra-Premium-Anti-Scratch-Transparent-Stoc-1.jpg",https://www.myntra.com/stockings/shapercult/shapercult-women-ultra-premium-anti-scratch-transparent-stockings/32532403/buy,https://www.myntra.com/women-briefs,1,lingerie_loungewear_briefs,2025-08-12T11:32:14.565325Z
Bonjour,Solid Semi-Sheer Stockings,330,330,,"https://assets.myntassets.com/dpr_2,q_60,w_210,c_limit,fl_progressive/assets/images/productimage/2021/3/18/c612592a-424f-4d13-89f5-0a65f30668d11616060159676-1.jpg",https://www.myntra.com/stockings/bonjour/bonjour-women-black-solid-semi-sheer-stockings/13904704/buy,https://www.myntra.com/women-briefs,1,lingerie_loungewear_briefs,2025-08-12T11:32:15.007508Z
Bodycare,Pack Of 3 Assorted Briefs,333,333,,"https://assets.myntassets.com/dpr_2,q_60,w_210,c_limit,fl_progressive/assets/images/27085014/2024/1/20/cc78bee4-eba0-428e-8dc5-8797acc313df1705724410806Briefs1.jpg",https://www.myntra.com/briefs/bodycare/bodycare-pack-of-3-assorted-cotton-hipster-briefs/27085014/buy,https://www.myntra.com/women-briefs,1,lingerie_loungewear_briefs,2025-08-12T11:32:15.374237Z
N2S NEXT2SKIN,Women Nylon Stockings,441,490,(10% OFF),"https://assets.myntassets.com/dpr_2,q_60,w_210,c_limit,fl_progressive/assets/images/15320278/2023/5/13/1b0e4e44-59b4-45fa-b3ff-535bc7423cdf1683959881946-N2S-NEXT2SKIN-Women-Nylon-Opaque-Pantyhose-Stockings-Comfort-1.jpg",https://www.myntra.com/stockings/n2s+next2skin/n2s-next2skin-women-nylon-opaque-pantyhose-stockings-comfortable-with-super-stretch/15320278/buy,https://www.myntra.com/women-briefs,1,lingerie_loungewear_briefs,2025-08-12T11:32:15.737440Z
Sizi,High Waist Summer Stockings,399,1399,(Rs. 1000 OFF),"https://assets.myntassets.com/dpr_2,q_60,w_210,c_limit,fl_progressive/assets/images/2025/MARCH/1/l4o06KM6_7d070985723c4133ae16d3639d9eb33d.jpg",https://www.myntra.com/stockings/sizi/sizi-high-waist-stretchable-dual-tone-summer-stockings/33024045/buy,https://www.myntra.com/women-briefs,1,lingerie_loungewear_briefs,2025-08-12T11:32:16.185454Z
Bodycare,Women Pack Of 3 Hipster Briefs,345,345,,"https://assets.myntassets.com/dpr_2,q_60,w_210,c_limit,fl_progressive/assets/images/27084972/2024/1/20/5e60838c-e68e-4015-a221-0e927c5e34811705724778169Briefs1.jpg",https://www.myntra.com/briefs/bodycare/bodycare-women-pack-of-3-assorted-mid-rise-anti-bacterial-pure-cotton-hipster-briefs/27084972/buy,https://www.myntra.com/women-briefs,1,lingerie_loungewear_briefs,2025-08-12T11:32:16.569455Z
Bodycare,Women Pack Of 3 Hipster Briefs,345,345,,"https://assets.myntassets.com/dpr_2,q_60,w_210,c_limit,fl_progressive/assets/images/27084972/2024/1/20/5e60838c-e68e-4015-a221-0e927c5e34811705724778169Briefs1.jpg",https://www.myntra.com/briefs/bodycare/bodycare-women-pack-of-3-assorted-mid-rise-anti-bacterial-pure-cotton-hipster-briefs/27084972/buy,https://www.myntra.com/women-briefs,2,lingerie_loungewear_briefs,2025-08-12T11:32:28.966952Z
Theater,Sheer Rhinestones Stockings,711,790,(10% OFF),"https://assets.myntassets.com/dpr_2,q_60,w_210,c_limit,fl_progressive/assets/images/28434988/2024/11/15/457d0203-1bb4-4aec-aea4-65d04aa578c11731678971714-Theater-Sheer-Rhinestones-pantyhose-Stretchable-Stockings-41-1.jpg",https://www.myntra.com/stockings/theater/theater-women-sheer-rhinestone-pantyhose-stretchable-stockings/28434988/buy,https://www.myntra.com/women-briefs,2,lingerie_loungewear_briefs,2025-08-12T11:32:29.467640Z
Alexvyan,High-Rise Winter Stockings,499,1299,(Rs. 800 OFF),"https://assets.myntassets.com/dpr_2,q_60,w_210,c_limit,fl_progressive/assets/images/23908098/2023/7/6/3f8dc569-686d-409f-aa00-faef50fe90b11688644133264Stockings1.jpg",https://www.myntra.com/stockings/alexvyan/alexvyan-high-rise-opaque-fleece-stretchable-winter-stockings/23908098/buy,https://www.myntra.com/women-briefs,2,lingerie_loungewear_briefs,2025-08-12T11:32:29.965194Z
Jockey,Women Solid Boy Short Briefs,249,249,,"https://assets.myntassets.com/dpr_2,q_60,w_210,c_limit,fl_progressive/assets/images/11068362/2025/2/13/d1576c9e-2e97-451d-bdc0-0f23c4078ed11739448570164-Jockey-High-Coverage-Super-Combed-Cotton-Boy-Leg-With-StayFr-1.jpg",https://www.myntra.com/briefs/jockey/jockey-high-coverage-super-combed-cotton-boy-leg-with-stayfresh-treatment-ss04/11068362/buy,https://www.myntra.com/women-briefs,2,lingerie_loungewear_briefs,2025-08-12T11:32:30.362523Z
Theater,Sheered Stockings,600,790,(24% OFF),"https://assets.myntassets.com/dpr_2,q_60,w_210,c_limit,fl_progressive/assets/images/31371342/2024/11/30/ae159821-8210-408e-97aa-7640de863f191732971644348-Theater-Women-Thigh-High-Sheered-Stockings-2611732971643865-1.jpg",https://www.myntra.com/stockings/theater/theater-women-thigh-high-sheered-stockings/31371342/buy,https://www.myntra.com/women-briefs,2,lingerie_loungewear_briefs,2025-08-12T11:32:30.695849Z
CareDone,Stretchable Thermal Stockings,499,1499,(Rs. 1000 OFF),"https://assets.myntassets.com/dpr_2,q_60,w_210,c_limit,fl_progressive/assets/images/30529622/2024/8/10/2998e6ae-2f6f-407e-898f-02f5be82f17f1723275542703-CareDone-Stretchable-Fleece-Fur-Thermal-Stockings-2601723275-1.jpg",https://www.myntra.com/stockings/caredone/caredone-women-high-waist-stretchable-fleece-thermal-winter-dual-tone-stocking/30529622/buy,https://www.myntra.com/women-briefs,2,lingerie_loungewear_briefs,2025-08-12T11:32:31.137356Z
Nykd,3Pcs Mid-Rise Hipster Briefs,599,599,,"https://assets.myntassets.com/dpr_2,q_60,w_210,c_limit,fl_progressive/assets/images/2024/AUGUST/6/eYMrLkYJ_ec8092fea5fc4db9b6489ba7ae7d60ef.jpg",https://www.myntra.com/briefs/nykd/nykd-women-pack-of-3-mid-rise-hipster-briefs/30484758/buy,https://www.myntra.com/women-briefs,2,lingerie_loungewear_briefs,2025-08-12T11:32:31.570170Z
Secret Lives,Women Full Body Stockings,575,1599,(64% OFF),"https://assets.myntassets.com/dpr_2,q_60,w_210,c_limit,fl_progressive/assets/images/24668336/2023/8/25/a4f5720a-25d3-4ec2-b4d7-165fdf9b3af11692968965282Stockings1.jpg",https://www.myntra.com/stockings/secret+lives/secret-lives-women-self-design-full-body-stockings/24668336/buy,https://www.myntra.com/women-briefs,2,lingerie_loungewear_briefs,2025-08-12T11:32:32.064545Z
Shapercult,Plus Size Fishnet Stockings,369,998,(63% OFF),"https://assets.myntassets.com/dpr_2,q_60,w_210,c_limit,fl_progressive/assets/images/32532202/2025/4/25/d7ea4112-df64-4427-87be-0068c162941b1745597913203-Shapercult-Women-Plus-Size-Fishnet-Stockings-508174559791285-1.jpg",https://www.myntra.com/stockings/shapercult/shapercult-women-plus-size-fishnet-stockings/32532202/buy,https://www.myntra.com/women-briefs,2,lingerie_loungewear_briefs,2025-08-12T11:32:32.578854Z
Clovia,3-Pc High-Rise Hipster Briefs,489,999,(51% OFF),"https://assets.myntassets.com/dpr_2,q_60,w_210,c_limit,fl_progressive/assets/images/2025/JANUARY/24/8rCqfCVX_cbc69162447c42c1ba697ff312542ffe.jpg",https://www.myntra.com/briefs/clovia/clovia-pack-of-3-high-rise-hipster-briefs-pn5209b40s/32468486/buy,https://www.myntra.com/women-briefs,2,lingerie_loungewear_briefs,2025-08-12T11:32:32.969622Z
Theater,Solid Stockings,715,1490,(52% OFF),"https://assets.myntassets.com/dpr_2,q_60,w_210,c_limit,fl_progressive/assets/images/20181948/2024/12/12/401b793e-1313-4172-bb90-84c15c6572b51733995086973-Theater-Women-Solid-Winter-Fur-Stockings-2291733995086415-1.jpg",https://www.myntra.com/stockings/theater/theater-women-solid-winter-fur-stockings/20181948/buy,https://www.myntra.com/women-briefs,2,lingerie_loungewear_briefs,2025-08-12T11:32:33.335779Z
StyFun,Fleece Winter Stockings,469,1299,(Rs. 830 OFF),"https://assets.myntassets.com/dpr_2,q_60,w_210,c_limit,fl_progressive/assets/images/2025/MAY/14/I1MHDsf1_5b5ab4799ec142b6b9182fb4716d2f28.jpg",https://www.myntra.com/stockings/styfun/styfun-high-waisted-fleece-winter-stockings/34133307/buy,https://www.myntra.com/women-briefs,2,lingerie_loungewear_briefs,2025-08-12T11:32:33.696293Z
Jockey,Women Solid Boy Shorts,249,249,,"https://assets.myntassets.com/dpr_2,q_60,w_210,c_limit,fl_progressive/assets/images/17075396/2025/2/13/bf6b4cb4-7c9d-4ffe-808a-20678df21e791739451898319-Jockey-High-Coverage-Super-Combed-Cotton-Boy-Leg-With-StayFr-1.jpg",https://www.myntra.com/briefs/jockey/jockey-high-coverage-super-combed-cotton-boy-leg-with-stayfresh-treatment-ss04/17075396/buy,https://www.myntra.com/women-briefs,2,lingerie_loungewear_briefs,2025-08-12T11:32:33.985724Z
N2S NEXT2SKIN,Women Solid Low Denier Pantyhose Stockings,300,320,(6% OFF),"https://assets.myntassets.com/dpr_2,q_60,w_210,c_limit,fl_progressive/assets/images/13863290/2023/6/12/c9c5cf97-d492-4855-8d78-033f74f374fb1686553852420-N2S-NEXT2SKIN-Women-Beige-Solid-Low-Denier-Sheer-Pantyhose-S-1.jpg",https://www.myntra.com/stockings/n2s+next2skin/n2s-next2skin-women-beige-solid-low-denier-sheer-pantyhose-stockings/13863290/buy,https://www.myntra.com/women-briefs,2,lingerie_loungewear_briefs,2025-08-12T11:32:34.353854Z
Shapercult,Women Transparent Stockings,699,1998,(65% OFF),"https://assets.myntassets.com/dpr_2,q_60,w_210,c_limit,fl_progressive/assets/images/32532403/2025/4/25/815961d4-183a-409e-a1c1-2bbebaa2353b1745597929425-Shapercult-Women-Ultra-Premium-Anti-Scratch-Transparent-Stoc-1.jpg",https://www.myntra.com/stockings/shapercult/shapercult-women-ultra-premium-anti-scratch-transparent-stockings/32532403/buy,https://www.myntra.com/women-briefs,2,lingerie_loungewear_briefs,2025-08-12T11:32:34.703630Z
Nykd,Seamless Hipster Briefs,399,399,,"https://assets.myntassets.com/dpr_2,q_60,w_210,c_limit,fl_progressive/assets/images/26721764/2023/12/29/af33494f-6943-4dd3-a8c1-ef0dfe87dd2d1703868212013Briefs1.jpg",https://www.myntra.com/briefs/nykd/nykd-women-bonded-no-vpl-hipster-brief--nyp210/26721764/buy,https://www.myntra.com/women-briefs,2,lingerie_loungewear_briefs,2025-08-12T11:32:35.150042Z
Bonjour,Solid Semi-Sheer Stockings,330,330,,"https://assets.myntassets.com/dpr_2,q_60,w_210,c_limit,fl_progressive/assets/images/productimage/2021/3/18/c612592a-424f-4d13-89f5-0a65f30668d11616060159676-1.jpg",https://www.myntra.com/stockings/bonjour/bonjour-women-black-solid-semi-sheer-stockings/13904704/buy,https://www.myntra.com/women-briefs,2,lingerie_loungewear_briefs,2025-08-12T11:32:35.697260Z
Theater,Solid Thigh High Stockings,405,450,(10% OFF),"https://assets.myntassets.com/dpr_2,q_60,w_210,c_limit,fl_progressive/assets/images/17277820/2024/9/6/c9484e3d-2731-48d2-ac5f-ff2c21d2d1401725608920100-Theater-Women-Beige-Solid-Thigh-High-Stockings-7931725608919-1.jpg",https://www.myntra.com/stockings/theater/theater-women-beige-solid-thigh-high-stockings/17277820/buy,https://www.myntra.com/women-briefs,2,lingerie_loungewear_briefs,2025-08-12T11:32:36.197793Z
BLOSSOM,Women Pack Of 2 Briefs,690,690,,"https://assets.myntassets.com/dpr_2,q_60,w_210,c_limit,fl_progressive/assets/images/28924298/2024/7/3/d9e078bf-1604-443f-967d-7350d5ce4b921719999398157-BLOSSOM-Women-Pack-Of-2-Assorted-High-Rise-Anti-Bacterial-Tu-1.jpg",https://www.myntra.com/briefs/blossom/blossom-high-waist-tummy-control-briefstummy-tucker-pack-of-2/28924298/buy,https://www.myntra.com/women-briefs,2,lingerie_loungewear_briefs,2025-08-12T11:32:36.594897Z
Xs and Os,Thigh-High Sheered Stockings,493,796,(38% OFF),"https://assets.myntassets.com/dpr_2,q_60,w_210,c_limit,fl_progressive/assets/images/2025/JULY/7/et8N1kLk_a5654d10267e457fb4f25ee28e34549e.jpg",https://www.myntra.com/stockings/xs+and+os/xs-and-os-lace-garter-belt-panties-with-thigh-high-sheered-stockings/35451808/buy,https://www.myntra.com/women-briefs,2,lingerie_loungewear_briefs,2025-08-12T11:32:37.019749Z
CareDone,Women Stretchable Stockings,599,1499,(Rs. 900 OFF),"https://assets.myntassets.com/dpr_2,q_60,w_210,c_limit,fl_progressive/assets/images/32230848/2025/1/8/48e919f0-86a2-4e71-9000-f522a46bb3d11736311438864CareDoneHighRiseStretchableStockings1.jpg",https://www.myntra.com/stockings/caredone/caredone-women-high-rise-stretchable-fleece-thermal-winter-dual-tone-stocking/32230848/buy,https://www.myntra.com/women-briefs,2,lingerie_loungewear_briefs,2025-08-12T11:32:37.421824Z
Jockey,Women Solid Boy Shorts,249,249,,"https://assets.myntassets.com/dpr_2,q_60,w_210,c_limit,fl_progressive/assets/images/17070614/2025/2/13/c5bed810-b36c-450e-bc88-c77a4ccf88da1739451808773-Jockey-High-Coverage-Super-Combed-Cotton-Boy-Leg-With-StayFr-1.jpg",https://www.myntra.com/briefs/jockey/jockey-high-coverage-super-combed-cotton-boy-leg-with-stayfresh-treatment-ss04/17070614/buy,https://www.myntra.com/women-briefs,2,lingerie_loungewear_briefs,2025-08-12T11:32:37.763696Z
BAESD,SelfDesign Pantyhose Stockings,349,1099,(Rs. 750 OFF),"https://assets.myntassets.com/dpr_2,q_60,w_210,c_limit,fl_progressive/assets/images/2024/SEPTEMBER/16/myAfktkv_65e41bd4858f4e3bbee49b37d746fb39.jpg",https://www.myntra.com/stockings/baesd/baesd-self-design-garter-belt-pantyhose-stockings/30918358/buy,https://www.myntra.com/women-briefs,2,lingerie_loungewear_briefs,2025-08-12T11:32:38.385632Z
20Dresses,Women Semi-Sheer Stockings,357,795,(55% OFF),"https://assets.myntassets.com/dpr_2,q_60,w_210,c_limit,fl_progressive/assets/images/12679238/2020/10/28/c39e3456-7b80-48f9-8a43-e3cae3b6cf091603883822079-20Dresses-It-Is-Sheer-Madness-Nude-Stockings-for-women-84316-1.jpg",https://www.myntra.com/stockings/20dresses/20dresses-women-nude-coloured-solid-semi-sheer-stockings/12679238/buy,https://www.myntra.com/women-briefs,2,lingerie_loungewear_briefs,2025-08-12T11:32:38.997550Z
Bodycare,Pack of 6 Assorted Briefs,630,630,,"https://assets.myntassets.com/dpr_2,q_60,w_210,c_limit,fl_progressive/assets/images/8637457/2019/1/28/22839344-f388-447b-a242-0e73d5c129a61548657036234-BODYCARE-Pack-of-6-100-Cotton-Classic-Panties-in-Assorted-Co-1.jpg",https://www.myntra.com/briefs/bodycare/bodycare-women-pack-of-6-assorted-hipster-briefs-e2d-6pcs/8637457/buy,https://www.myntra.com/women-briefs,2,lingerie_loungewear_briefs,2025-08-12T11:32:39.369550Z
FIMBUL,Self Design Fishnet Stockings,399,1299,(Rs. 900 OFF),"https://assets.myntassets.com/dpr_2,q_60,w_210,c_limit,fl_progressive/assets/images/26756518/2024/1/3/8a5562a7-fbaf-42df-bf37-aa2c738c0fa11704247578659FIMBULRhinestone-StuddedFishnetStockings1.jpg",https://www.myntra.com/stockings/fimbul/fimbul-self-design-fishnet-stockings/26756518/buy,https://www.myntra.com/women-briefs,2,lingerie_loungewear_briefs,2025-08-12T11:32:39.735166Z
N2S NEXT2SKIN,Semi-Sheer Pantyhose Stockings,554,590,(6% OFF),"https://assets.myntassets.com/dpr_2,q_60,w_210,c_limit,fl_progressive/assets/images/25330568/2023/10/3/ee3455d6-0069-4c94-b77b-66d1c7bfba771696318066888NEXT2SKINWomenDual-TonePantyhoseStockingsBlackOneSize1.jpg",https://www.myntra.com/stockings/n2s+next2skin/n2s-next2skin-semi-sheer-stretchable-pantyhose-stockings/25330568/buy,https://www.myntra.com/women-briefs,2,lingerie_loungewear_briefs,2025-08-12T11:32:40.176766Z
Jockey,Pack Of 2 Boy Shorts Briefs,479,479,,"https://assets.myntassets.com/dpr_2,q_60,w_210,c_limit,fl_progressive/assets/images/2025/MARCH/24/vdzUNkoL_302de75fc28e421ba167b06a7bc44233.jpg",https://www.myntra.com/briefs/jockey/jockey-pack-of-2-high-coverage-super-combed-cotton-boy-leg-with-stayfresh-treatment-ss04/33302356/buy,https://www.myntra.com/women-briefs,2,lingerie_loungewear_briefs,2025-08-12T11:32:40.515884Z
JMT Wear,Full Body Fishnet Stockings,439,999,(56% OFF),"https://assets.myntassets.com/dpr_2,q_60,w_210,c_limit,fl_progressive/assets/images/30157228/2024/7/9/78974076-bc9c-42ee-b934-c07b179671e31720510100177JMTWearSelfDesignFullBodyFishnetStockings1.jpg",https://www.myntra.com/stockings/jmt+wear/jmt-wear-self-design-full-body-fishnet-stockings/30157228/buy,https://www.myntra.com/women-briefs,2,lingerie_loungewear_briefs,2025-08-12T11:32:40.879741Z
URBAN ADVENTURE,Pack Of 2 4-Way Stretch Briefs,395,649,(39% OFF),"https://assets.myntassets.com/dpr_2,q_60,w_210,c_limit,fl_progressive/assets/images/2025/JUNE/6/fHtht9pB_520e401a5e7f43e09d18922b091d164e.jpg",https://www.myntra.com/briefs/urban+adventure/urban-adventure-pack-of-2-4-way-stretch-hipster-briefs-2uaw-002black-navy--/34751123/buy,https://www.myntra.com/women-briefs,2,lingerie_loungewear_briefs,2025-08-12T11:32:41.334798Z
Theater,Solid Opaque Stockings,711,790,(10% OFF),"https://assets.myntassets.com/dpr_2,q_60,w_210,c_limit,fl_progressive/assets/images/17277804/2024/9/7/aa343ce2-dbcc-4401-93b0-fbbf9b22b0cb1725698013330-Theater-Women-Beige-Solid-Opaque-Stockings-4981725698013011-1.jpg",https://www.myntra.com/stockings/theater/theater-women-beige-solid-opaque-stockings/17277804/buy,https://www.myntra.com/women-briefs,2,lingerie_loungewear_briefs,2025-08-12T11:32:41.719256Z
Klassik,Sheer Pantyhose Stockings,599,2499,(Rs. 1900 OFF),"https://assets.myntassets.com/dpr_2,q_60,w_210,c_limit,fl_progressive/assets/images/30378522/2024/7/29/dd09895d-2079-4b7c-8719-4e4ba8bb8daa1722240482261KlassikSheerPantyhoseStockings1.jpg",https://www.myntra.com/stockings/klassik/klassik-sheer-pantyhose-stockings/30378522/buy,https://www.myntra.com/women-briefs,2,lingerie_loungewear_briefs,2025-08-12T11:32:42.082189Z
Jockey,Women Low-Rise Boy Shorts,249,249,,"https://assets.myntassets.com/dpr_2,q_60,w_210,c_limit,fl_progressive/assets/images/17056604/2025/2/13/0e0e8372-a956-443a-83b8-85bb44b769581739451713008-Jockey-High-Coverage-Super-Combed-Cotton-Boy-Leg-With-StayFr-1.jpg",https://www.myntra.com/briefs/jockey/jockey-high-coverage-super-combed-cotton-boy-leg-with-stayfresh-treatment-ss04/17056604/buy,https://www.myntra.com/women-briefs,2,lingerie_loungewear_briefs,2025-08-12T11:32:42.414789Z
Brauch,Stretchable Stockings,599,1999,(70% OFF),"https://assets.myntassets.com/dpr_2,q_60,w_210,c_limit,fl_progressive/assets/images/2024/AUGUST/7/I796WRHC_f4b2917ac3d541ec815bf579854d88f3.jpg",https://www.myntra.com/stockings/brauch/-brauch-thigh-high-semi-shree-stretchable-stockings/30521021/buy,https://www.myntra.com/women-briefs,2,lingerie_loungewear_briefs,2025-08-12T11:32:42.819731Z
Lebami,Stockings,395,599,(34% OFF),"https://assets.myntassets.com/dpr_2,q_60,w_210,c_limit,fl_progressive/v1/images/style/properties/Golden-Girl-Black-Stockings_92fddfc1c02d5ef62500141663ae8593_images.jpg",https://www.myntra.com/stockings/lebami/lebami-black-stockings/432861/buy,https://www.myntra.com/women-briefs,2,lingerie_loungewear_briefs,2025-08-12T11:32:43.330869Z
Nykd,Women 3Pcs Bikini Briefs,359,599,(40% OFF),"https://assets.myntassets.com/dpr_2,q_60,w_210,c_limit,fl_progressive/assets/images/2024/NOVEMBER/21/P47IkwX5_9846b8f8ab64414a838558ac99d95e4a.jpg",https://www.myntra.com/briefs/nykd/nykd-women-pack-of-3-printed-bikini-briefs-nyp030-multi-colour/31682953/buy,https://www.myntra.com/women-briefs,2,lingerie_loungewear_briefs,2025-08-12T11:32:43.726263Z
BAESD,Pack Of 2 Sheer Stocking,489,1299,(Rs. 810 OFF),"https://assets.myntassets.com/dpr_2,q_60,w_210,c_limit,fl_progressive/assets/images/26134554/2023/11/30/39aa46cf-5fac-4198-9f0d-f96f106cd7591701331060940Stockings1.jpg",https://www.myntra.com/stockings/baesd/baesd-pack-of-2-sheer-stockings/26134554/buy,https://www.myntra.com/women-briefs,2,lingerie_loungewear_briefs,2025-08-12T11:32:44.118971Z
Opulent,Semi-Sheer Full Body Stockings,339,339,,"https://assets.myntassets.com/dpr_2,q_60,w_210,c_limit,fl_progressive/assets/images/22133810/2023/2/27/543c2deb-aadb-488e-b2e5-623003d6e55f1677479613807OpulentSelf-DesignSemi-SheerStockings1.jpg",https://www.myntra.com/stockings/opulent/opulent-self-design-semi-sheer-full-body-stockings/22133810/buy,https://www.myntra.com/women-briefs,2,lingerie_loungewear_briefs,2025-08-12T11:32:44.564741Z
Theater,Opaque Stretchable Stockings,891,990,(10% OFF),"https://assets.myntassets.com/dpr_2,q_60,w_210,c_limit,fl_progressive/assets/images/28434984/2024/9/6/004523ec-2f87-4689-8ee7-aaa3d4f53d921725609596805-Theater-Opaque-Stretchable-Stockings-2841725609596486-1.jpg",https://www.myntra.com/stockings/theater/theater-women-opaque-stretchable-stockings/28434984/buy,https://www.myntra.com/women-briefs,2,lingerie_loungewear_briefs,2025-08-12T11:32:45.116335Z
N2S NEXT2SKIN,Pack of 2 Thigh High Stockings,495,550,(10% OFF),"https://assets.myntassets.com/dpr_2,q_60,w_210,c_limit,fl_progressive/assets/images/15468832/2023/5/13/7867b9eb-232b-48d7-8b1f-e93a5da6c3af1683959899428-N2S-NEXT2SKIN-Women-Pack-of-2-Opaque-Thigh-High-Stockings-25-1.jpg",https://www.myntra.com/stockings/n2s+next2skin/n2s-next2skin-women-pack-of-2-opaque-thigh-high-stockings/15468832/buy,https://www.myntra.com/women-briefs,2,lingerie_loungewear_briefs,2025-08-12T11:32:45.500999Z
BAESD,Fishnet Plus Size Stockings,369,999,(Rs. 630 OFF),"https://assets.myntassets.com/dpr_2,q_60,w_210,c_limit,fl_progressive/assets/images/2024/AUGUST/5/grXNd8M2_0aad144b00a1460b90b265a53b7b2708.jpg",https://www.myntra.com/stockings/baesd/-baesd-fishnet-plus-size-hose-stockings/30466541/buy,https://www.myntra.com/women-briefs,2,lingerie_loungewear_briefs,2025-08-12T11:32:45.864791Z
Inner Sense,Pack Of 3 Hipster Briefs,895,1041,(14% OFF),"https://assets.myntassets.com/dpr_2,q_60,w_210,c_limit,fl_progressive/assets/images/24026416/2023/8/10/108b5e62-b84a-4c2a-b7aa-45584d2d22cd1691651465745-Inner-Sense-Pack-Of-3-Anti-Microbial-V-Band-Hipster-Briefs-5-1.jpg",https://www.myntra.com/briefs/inner+sense/inner-sense-pack-of-3-anti-microbial-v-band-hipster-briefs/24026416/buy,https://www.myntra.com/women-briefs,2,lingerie_loungewear_briefs,2025-08-12T11:32:46.301605Z
Sizi,High Waist Thermal Stockings,569,1499,(Rs. 930 OFF),"https://assets.myntassets.com/dpr_2,q_60,w_210,c_limit,fl_progressive/assets/images/2025/MARCH/3/vXmZYdpT_f383405dc9fe45a18b1c875904ca58bb.jpg",https://www.myntra.com/stockings/sizi/sizi-high-waist-stretchable-fleece-thermal-winter-dual-tone-stockings/33023528/buy,https://www.myntra.com/women-briefs,2,lingerie_loungewear_briefs,2025-08-12T11:32:47.068755Z
Bonjour,Women Solid Semi-Transparent Relax Stockings,330,330,,"https://assets.myntassets.com/dpr_2,q_60,w_210,c_limit,fl_progressive/assets/images/productimage/2021/3/18/913bec71-37fd-4a17-b991-54a4e13b0d0e1616060593704-1.jpg",https://www.myntra.com/stockings/bonjour/bonjour-women-beige-solid-semi-transparent-relax-stockings/13904700/buy,https://www.myntra.com/women-briefs,2,lingerie_loungewear_briefs,2025-08-12T11:32:47.526687Z
Bodycare,Women Pack Of 3 Hipster Briefs,468,468,,"https://assets.myntassets.com/dpr_2,q_60,w_210,c_limit,fl_progressive/assets/images/17954422/2022/4/20/97a79396-14bf-42a4-9570-1e1a6e4058ed1650452229346Briefs1.jpg",https://www.myntra.com/briefs/bodycare/bodycare-women-pack-of-3-printed-pure-cotton-hipster-briefs/17954422/buy,https://www.myntra.com/women-briefs,2,lingerie_loungewear_briefs,2025-08-12T11:32:47.935155Z
Sizi,Thigh-High Sheered Stockings,319,1299,(Rs. 980 OFF),"https://assets.myntassets.com/dpr_2,q_60,w_210,c_limit,fl_progressive/assets/images/2025/APRIL/28/Lsq3LYpw_3a17dcdc408f49ada7f49c7922d4f8ae.jpg",https://www.myntra.com/stockings/sizi/sizi-high-waist-stretchable-pantyhose-sheer-stocking/33814221/buy,https://www.myntra.com/women-briefs,2,lingerie_loungewear_briefs,2025-08-12T11:32:48.286185Z
Soie,3Pcs Cotton Hipster Briefs,641,690,(7% OFF),"https://assets.myntassets.com/dpr_2,q_60,w_210,c_limit,fl_progressive/assets/images/31339324/2025/1/10/e85dadc1-2f9f-4d35-9d9d-fa55cc20fa161736510741516-SOIE-Womens-High-Waist-Full-Coverage-Printed-Stretch-Cotton--1.jpg",https://www.myntra.com/briefs/soie/soie-womens-high-waist-full-coverage-printed-stretch-cotton-hipster-panty-pack-of-3/31339324/buy,https://www.myntra.com/women-briefs,2,lingerie_loungewear_briefs,2025-08-12T11:32:48.708395Z
ELTIRE,Self Designed Stockings,799,1499,(Rs. 700 OFF),"https://assets.myntassets.com/dpr_2,q_60,w_210,c_limit,fl_progressive/assets/images/29368040/2024/5/7/56ef534d-8f43-432b-8d62-ec7930150c331715048007957LingerieSet1.jpg",https://www.myntra.com/stockings/eltire/eltire-self-designed-full-body-stockings/29368040/buy,https://www.myntra.com/women-briefs,2,lingerie_loungewear_briefs,2025-08-12T11:32:49.047894Z
Feelings,Pack Of 3 Assorted Briefs,387,387,,"https://assets.myntassets.com/dpr_2,q_60,w_210,c_limit,fl_progressive/assets/images/29405118/2024/7/8/2243c22a-8c58-40dd-a251-c18f48d94e341720433692031-Feelings-Pack-Of-3-Assorted-Anti-Microbial-Cotton-Hipster-Br-1.jpg",https://www.myntra.com/briefs/feelings/feelings-pack-of-3-assorted-anti-microbial-cotton-hipster-briefs/29405118/buy,https://www.myntra.com/women-briefs,2,lingerie_loungewear_briefs,2025-08-12T11:32:49.348425Z
NESKA MODA,Women Black Stockings,1099,1099,,"https://assets.myntassets.com/dpr_2,q_60,w_210,c_limit,fl_progressive/assets/images/2025/JUNE/25/VuIFspIh_65f164dbddcb4f5d99f7c64020b840b5.jpg",https://www.myntra.com/stockings/neska+moda/neska-moda-women-black-stockings/35184310/buy,https://www.myntra.com/women-briefs,2,lingerie_loungewear_briefs,2025-08-12T11:32:49.649009Z
Brauch,Slim-Fit Stretchable Stockings,749,2499,(70% OFF),"https://assets.myntassets.com/dpr_2,q_60,w_210,c_limit,fl_progressive/assets/images/2024/AUGUST/30/cxHZtomb_d25851870e3240ed9252a7a0488691a0.jpg",https://www.myntra.com/stockings/brauch/brauch-slim-fit-stretchable-stockings/30765500/buy,https://www.myntra.com/women-briefs,3,lingerie_loungewear_briefs,2025-08-12T11:33:00.448625Z
Bodycare,Women Pack of 6 Hipster Briefs,636,636,,"https://assets.myntassets.com/dpr_2,q_60,w_210,c_limit,fl_progressive/assets/images/8637347/2019/1/28/f9bafbf4-b337-478f-a8c6-f84209db97f01548657275502-BODYCARE-Pack-of-6-100-Cotton-Classic-Panties-in-Assorted-Co-1.jpg",https://www.myntra.com/briefs/bodycare/bodycare-women-pack-of-6-assorted-hipster-briefs-e26d-6pcs/8637347/buy,https://www.myntra.com/women-briefs,3,lingerie_loungewear_briefs,2025-08-12T11:33:00.798265Z
Theater,Solid Opaque Stockings,711,790,(10% OFF),"https://assets.myntassets.com/dpr_2,q_60,w_210,c_limit,fl_progressive/assets/images/17277800/2024/9/6/186594ba-4848-4829-b74e-e2b7cc7f84f91725608885402-Theater-Women-Red-Solid-Stockings-5931725608884748-1.jpg",https://www.myntra.com/stockings/theater/theater-women-red-solid-stockings/17277800/buy,https://www.myntra.com/women-briefs,3,lingerie_loungewear_briefs,2025-08-12T11:33:01.454092Z
ELTIRE,Women Stretchable Stockings,699,1499,(Rs. 800 OFF),"https://assets.myntassets.com/dpr_2,q_60,w_210,c_limit,fl_progressive/assets/images/2024/SEPTEMBER/5/JL4s47T2_26d6c58527de49c2b78363c27b85ce02.jpg",https://www.myntra.com/stockings/eltire/eltire-women-stretchable-stockings/30854334/buy,https://www.myntra.com/women-briefs,3,lingerie_loungewear_briefs,2025-08-12T11:33:01.845991Z
Evamomies,Pack of 3 Maternity Panty,562,1197,(53% OFF),"https://assets.myntassets.com/dpr_2,q_60,w_210,c_limit,fl_progressive/assets/images/29864031/2024/5/31/5f6a045e-e636-4746-a34c-47992a59f6661717151401229Briefs1.jpg",https://www.myntra.com/briefs/evamomies/evamomies-women-pack-of-3-high-waist-maternity-panty-briefs-eva002/29864031/buy,https://www.myntra.com/women-briefs,3,lingerie_loungewear_briefs,2025-08-12T11:33:02.295082Z
Theater,Sheered Stockings,711,790,(10% OFF),"https://assets.myntassets.com/dpr_2,q_60,w_210,c_limit,fl_progressive/assets/images/31371343/2024/11/30/7ae8e7c9-a5b7-47f0-aed3-cd117703e5721732971651669-Theater-Women-Thigh-High-Sheered-Stockings-8951732971651025-1.jpg",https://www.myntra.com/stockings/theater/theater-women-thigh-high-sheered-stockings/31371343/buy,https://www.myntra.com/women-briefs,3,lingerie_loungewear_briefs,2025-08-12T11:33:02.734768Z
JMT Wear,Winter Fleece Stockings,699,1999,(65% OFF),"https://assets.myntassets.com/dpr_2,q_60,w_210,c_limit,fl_progressive/assets/images/30206714/2024/7/13/e5f9c5d5-0523-4676-a130-574bf93fefc71720862519456WomenWarmSlimFitFleeceTightsStocking1.jpg",https://www.myntra.com/stockings/jmt+wear/jmt-wear-winter-fleece-stockings/30206714/buy,https://www.myntra.com/women-briefs,3,lingerie_loungewear_briefs,2025-08-12T11:33:03.149585Z
Blissclub,Seamless Basic Briefs,849,1199,(Rs. 350 OFF),"https://assets.myntassets.com/dpr_2,q_60,w_210,c_limit,fl_progressive/assets/images/30985188/2024/12/21/be47ae13-2b6b-4c42-a5a6-19b555394f9f1734773211189-Blissclub-2-Pack-of-FreeDame-Seamless-Cotton-Briefs-40017347-1.jpg",https://www.myntra.com/briefs/blissclub/blissclub-2-pack-of-freedame-seamless-cotton-briefs/30985188/buy,https://www.myntra.com/women-briefs,3,lingerie_loungewear_briefs,2025-08-12T11:33:03.554174Z
Poftik,Pantyhose Winter Stockings,632,1150,(45% OFF),"https://assets.myntassets.com/dpr_2,q_60,w_210,c_limit,fl_progressive/assets/images/30109315/2024/7/4/16210fac-6f52-432a-88e9-6071309700351720065300415PoftikSelfDesignStretchableStockings1.jpg",https://www.myntra.com/stockings/poftik/poftik-fur-lined-high-waist-dual-tone-pantyhose-winter-stockings/30109315/buy,https://www.myntra.com/women-briefs,3,lingerie_loungewear_briefs,2025-08-12T11:33:03.975108Z
NESKA MODA,Women Black Stockings,579,1099,(Rs. 520 OFF),"https://assets.myntassets.com/dpr_2,q_60,w_210,c_limit,fl_progressive/assets/images/2025/JUNE/25/E3CCgRKm_7cfcb0d4f3ba4af8877d23fb61d9c23d.jpg",https://www.myntra.com/stockings/neska+moda/neska-moda-women-black-stockings/35184100/buy,https://www.myntra.com/women-briefs,3,lingerie_loungewear_briefs,2025-08-12T11:33:04.447158Z
Klassik,Pantyhose Sheer Stockings,599,2499,(Rs. 1900 OFF),"https://assets.myntassets.com/dpr_2,q_60,w_210,c_limit,fl_progressive/assets/images/30378525/2024/7/29/7adc33db-738a-4e5e-8126-2f8f312317af1722240476739KlassikPantyhoseSheerStockings1.jpg",https://www.myntra.com/stockings/klassik/klassik-women-pantyhose-sheer-stockings/30378525/buy,https://www.myntra.com/women-briefs,3,lingerie_loungewear_briefs,2025-08-12T11:33:04.874829Z
N2S NEXT2SKIN,Pack Of 2 Sheered Stockings,601,640,(6% OFF),"https://assets.myntassets.com/dpr_2,q_60,w_210,c_limit,fl_progressive/assets/images/2025/JULY/9/518NKMtB_96035b026f314e8a8a0755b7b9947013.jpg",https://www.myntra.com/stockings/n2s+next2skin/n2s-next2skin-pack-of-2-low-denier-thigh-high-sheered-stockings--/35526834/buy,https://www.myntra.com/women-briefs,3,lingerie_loungewear_briefs,2025-08-12T11:33:05.282313Z
Zivame,Pack Of 3 Hipster Briefs,495,799,(38% OFF),"https://assets.myntassets.com/dpr_2,q_60,w_210,c_limit,fl_progressive/assets/images/32041683/2024/12/21/ef00bf8b-0078-4814-b94a-3418f33cbc501734756692538ZivameFullCoverageMediumRiseHipsterPantyPackof3-Bluedepth1.jpg",https://www.myntra.com/briefs/zivame/zivame-women-pack-of-3-mid-rise-hipster-briefs/32041683/buy,https://www.myntra.com/women-briefs,3,lingerie_loungewear_briefs,2025-08-12T11:33:05.782145Z
Trendyol,Pack Of 2 Pantyhose Stockings,779,1299,(40% OFF),"https://assets.myntassets.com/dpr_2,q_60,w_210,c_limit,fl_progressive/assets/images/25133618/2023/9/25/3dbbf6fb-fe3b-45bd-b2f7-6615493ef9321695617649516TrendyolDotted-DesignSheerPantyhoseStockings1.jpg",https://www.myntra.com/stockings/trendyol/trendyol-pack-of-2-self-design-sheer-pantyhose-stockings/25133618/buy,https://www.myntra.com/women-briefs,3,lingerie_loungewear_briefs,2025-08-12T11:33:06.178772Z
Klassik,Women Stretchable Stockings,599,2499,(Rs. 1900 OFF),"https://assets.myntassets.com/dpr_2,q_60,w_210,c_limit,fl_progressive/assets/images/30378526/2024/7/29/65893466-8a1c-462f-9ff8-03d44fe705b51722240474796KlassikSemiSheerStretchableStockings1.jpg",https://www.myntra.com/stockings/klassik/klassik-women-semi-sheer-stretchable-stockings/30378526/buy,https://www.myntra.com/women-briefs,3,lingerie_loungewear_briefs,2025-08-12T11:33:06.532632Z
Dollar,Pack of 10 Assorted Briefs,585,900,(35% OFF),"https://assets.myntassets.com/dpr_2,q_60,w_210,c_limit,fl_progressive/assets/images/12956002/2022/2/26/83c5dbbe-0f83-47cc-9230-5dfcd0c843481645873697415-Dollar-Women-Pack-of-10-Assorted-Hipster-Briefs-MLHPT-01S-PO-1.jpg",https://www.myntra.com/briefs/dollar/dollar-lehar-super-combed-cotton-women-solid-hipster-panty---pack-of-10---assorted/12956002/buy,https://www.myntra.com/women-briefs,3,lingerie_loungewear_briefs,2025-08-12T11:33:07.013009Z
N2S NEXT2SKIN,Women Solid Stockings,351,390,(10% OFF),"https://assets.myntassets.com/dpr_2,q_60,w_210,c_limit,fl_progressive/assets/images/13838316/2023/1/31/0973a9ea-2bfb-404e-95fa-c1572351a0291675161441576-N2S-NEXT2SKIN-Women-Beige-Solid-Stockings-6311675161441064-1.jpg",https://www.myntra.com/stockings/n2s+next2skin/n2s-next2skin-women-beige-solid-stockings/13838316/buy,https://www.myntra.com/women-briefs,3,lingerie_loungewear_briefs,2025-08-12T11:33:07.394337Z
CareDone,Stretchable Thermal Stockings,499,1499,(Rs. 1000 OFF),"https://assets.myntassets.com/dpr_2,q_60,w_210,c_limit,fl_progressive/assets/images/2024/AUGUST/8/Y56lkmIu_415fae7b037840069f5a0974119be030.jpg",https://www.myntra.com/stockings/caredone/caredone-women-high-waist-stretchable-fleece-thermal-winter-dual-tone-stocking/30529616/buy,https://www.myntra.com/women-briefs,3,lingerie_loungewear_briefs,2025-08-12T11:33:07.780446Z
Jockey,Women Pack Of 2 Boy Shorts,479,479,,"https://assets.myntassets.com/dpr_2,q_60,w_210,c_limit,fl_progressive/assets/images/2025/MARCH/24/zlLLHekw_aa7e888380c14c11b1f32c5023473344.jpg",https://www.myntra.com/briefs/jockey/jockey-pack-of-2-high-coverage-super-combed-cotton-boy-leg-with-stayfresh-treatment-ss04/33302358/buy,https://www.myntra.com/women-briefs,3,lingerie_loungewear_briefs,2025-08-12T11:33:08.165583Z
OGIMI- Ohh Give me,High Stretchable Stocking,479,999,(52% OFF),"https://assets.myntassets.com/dpr_2,q_60,w_210,c_limit,fl_progressive/assets/images/2025/MAY/26/gTY0HUv8_d643b9af2df04885903ebd152c71e7d6.jpg",https://www.myntra.com/stockings/ogimi-+ohh+give+me/ogimi--ohh-give-me-sheer-mesh-thigh-high-stretchable-stockings/34440600/buy,https://www.myntra.com/women-briefs,3,lingerie_loungewear_briefs,2025-08-12T11:33:08.600144Z
TOMKOT,Winter Pantyhose Stockings,470,1175,(60% OFF),"https://assets.myntassets.com/dpr_2,q_60,w_210,c_limit,fl_progressive/assets/images/2025/JUNE/6/YjPXYiH1_90345dbffc4240dcb14423f7c8ffb520.jpg",https://www.myntra.com/stockings/tomkot/tomkot-patterned-dual-tone-winter-pantyhose-stockings/34757191/buy,https://www.myntra.com/women-briefs,3,lingerie_loungewear_briefs,2025-08-12T11:33:09.003876Z
Soie,3Pc High Rise Hipster Briefs,560,590,(5% OFF),"https://assets.myntassets.com/dpr_2,q_60,w_210,c_limit,fl_progressive/assets/images/30115619/2024/7/4/2e2b69ed-b132-4eef-a9a3-5529f71487581720085102738SoiePackOf3PrintedHighRiseHighWaistHipsterBriefs3FCB-15AP-141.jpg",https://www.myntra.com/briefs/soie/soie-women-pack-of-3-printed-high-rise-high-waist-hipster-briefs/30115619/buy,https://www.myntra.com/women-briefs,3,lingerie_loungewear_briefs,2025-08-12T11:33:09.728800Z
Brauch,Stretchable Stockings,494,1499,(67% OFF),"https://assets.myntassets.com/dpr_2,q_60,w_210,c_limit,fl_progressive/assets/images/2024/AUGUST/7/fHXCMRpC_cebd77f37c234cf69d4bc0210112fb7c.jpg",https://www.myntra.com/stockings/brauch/brauch-above-knee-stretchable-stockings/30517469/buy,https://www.myntra.com/women-briefs,3,lingerie_loungewear_briefs,2025-08-12T11:33:10.085237Z
FIMS,High Waist Winter Stockings,499,1299,(Rs. 800 OFF),"https://assets.myntassets.com/dpr_2,q_60,w_210,c_limit,fl_progressive/assets/images/2024/DECEMBER/9/bIUDRqBn_548febe00e154140bece903a58667539.jpg",https://www.myntra.com/stockings/fims/fims-women-high-waist-sheer-winter-stockings/31897007/buy,https://www.myntra.com/women-briefs,3,lingerie_loungewear_briefs,2025-08-12T11:33:10.660532Z
N2S NEXT2SKIN,Women Solid Stockings,351,390,(10% OFF),"https://assets.myntassets.com/dpr_2,q_60,w_210,c_limit,fl_progressive/assets/images/13838344/2022/5/8/d7795cf7-7b4a-4653-8306-dba4a2cfdd6b1652023049134N2SNEXT2SKINWomenWhiteSolidStockings1.jpg",https://www.myntra.com/stockings/n2s+next2skin/n2s-next2skin-women-white-solid-stockings/13838344/buy,https://www.myntra.com/women-briefs,3,lingerie_loungewear_briefs,2025-08-12T11:33:11.033410Z
Supersox,Cotton Breathable Stockings,466,549,(15% OFF),"https://assets.myntassets.com/dpr_2,q_60,w_210,c_limit,fl_progressive/assets/images/28512464/2024/3/27/ed391e58-f566-45a3-9d56-ee80eddbae4e1711537638458Stockings1.jpg",https://www.myntra.com/stockings/supersox/supersox-girls-sweat-absorbent-cotton-stocking-tights/28512464/buy,https://www.myntra.com/women-briefs,3,lingerie_loungewear_briefs,2025-08-12T11:33:11.400297Z
Jockey,Women Solid Boy Shorts,255,255,,"https://assets.myntassets.com/dpr_2,q_60,w_210,c_limit,fl_progressive/assets/images/17070664/2025/2/13/b39301df-1e35-4df0-a5b8-e845eaeee6f11739451878802-Jockey-High-Coverage-Super-Combed-Cotton-Boy-Leg-With-StayFr-1.jpg",https://www.myntra.com/briefs/jockey/jockey-high-coverage-super-combed-cotton-boy-leg-with-stayfresh-treatment-ss04/17070664/buy,https://www.myntra.com/women-briefs,3,lingerie_loungewear_briefs,2025-08-12T11:33:11.909426Z
TOMKOT,Winter Pantyhose Stockings,470,1175,(60% OFF),"https://assets.myntassets.com/dpr_2,q_60,w_210,c_limit,fl_progressive/assets/images/2025/JUNE/6/LTYmNRwe_4c85693e278e4589a0428e6906658e2e.jpg",https://www.myntra.com/stockings/tomkot/tomkot-patterned-dual-tone-winter-pantyhose-stockings/34757200/buy,https://www.myntra.com/women-briefs,3,lingerie_loungewear_briefs,2025-08-12T11:33:12.365069Z
DUNBERRY LONDON,Women Fleece Fur Stockings,495,2900,(Rs. 2405 OFF),"https://assets.myntassets.com/dpr_2,q_60,w_210,c_limit,fl_progressive/assets/images/28570750/2024/3/29/1bcc2d71-4017-4622-9463-bcc8c531dc6d1711709207437ThermalFleeceFurLeggings1.jpg",https://www.myntra.com/stockings/dunberry+london/dunberry-london-women-thermal-fleece-fur-stockings/28570750/buy,https://www.myntra.com/women-briefs,3,lingerie_loungewear_briefs,2025-08-12T11:33:12.749232Z
Jockey,Women Low-Rise Boy shorts,259,259,,"https://assets.myntassets.com/dpr_2,q_60,w_210,c_limit,fl_progressive/assets/images/17075394/2025/2/13/6868df46-9324-46b4-ba56-10475f9378d91739451894557-Jockey-High-Coverage-Super-Combed-Cotton-Boy-Leg-With-StayFr-1.jpg",https://www.myntra.com/briefs/jockey/jockey-high-coverage-super-combed-cotton-boy-leg-with-stayfresh-treatment-ss04/17075394/buy,https://www.myntra.com/women-briefs,3,lingerie_loungewear_briefs,2025-08-12T11:33:13.279072Z
N2S NEXT2SKIN,Semi-Sheer Stockings,441,490,(10% OFF),"https://assets.myntassets.com/dpr_2,q_60,w_210,c_limit,fl_progressive/assets/images/25728378/2024/1/11/c0981b19-fa13-4673-8e75-7a21657aef051704974934977-N2S-NEXT2SKIN-Semi-Sheer-Pantyhose-Stockings-771170497493475-1.jpg",https://www.myntra.com/stockings/n2s+next2skin/n2s-next2skin-semi-sheer-stockings/25728378/buy,https://www.myntra.com/women-briefs,3,lingerie_loungewear_briefs,2025-08-12T11:33:13.665492Z
Clovia,High-Rise Opaque Stockings,440,699,(37% OFF),"https://assets.myntassets.com/dpr_2,q_60,w_210,c_limit,fl_progressive/assets/images/2025/MARCH/8/us904PmI_0b945ada53c2472ebdec4c011f72cc9f.jpg",https://www.myntra.com/stockings/clovia/clovia-high-rise-opaque-stockings-/33112692/buy,https://www.myntra.com/women-briefs,3,lingerie_loungewear_briefs,2025-08-12T11:33:14.088380Z
Soie,3Pc High Rise Hipster Briefs,601,640,(6% OFF),"https://assets.myntassets.com/dpr_2,q_60,w_210,c_limit,fl_progressive/assets/images/30232182/2024/11/22/77f38823-f24f-4c6b-9e5c-735b220349741732282155618-Soie-Women-Pack-Of-3-High-Rise-Hipster-Briefs-74017322821550-1.jpg",https://www.myntra.com/briefs/soie/soie-women-pack-of-3-high-rise-hipster-briefs/30232182/buy,https://www.myntra.com/women-briefs,3,lingerie_loungewear_briefs,2025-08-12T11:33:14.575784Z
JMT Wear,Mid Rise Stretchable Stockings,439,999,(56% OFF),"https://assets.myntassets.com/dpr_2,q_60,w_210,c_limit,fl_progressive/assets/images/30093244/2024/7/3/b99db01c-8fd5-4079-b209-19464cacf75b1719981673856JMTWearStretchableStockings1.jpg",https://www.myntra.com/stockings/jmt+wear/jmt-wear-mid-rise-stretchable-stockings/30093244/buy,https://www.myntra.com/women-briefs,3,lingerie_loungewear_briefs,2025-08-12T11:33:14.991739Z
N2S NEXT2SKIN,Semi-Sheer Pantyhose Stockings,460,490,(6% OFF),"https://assets.myntassets.com/dpr_2,q_60,w_210,c_limit,fl_progressive/assets/images/2025/JULY/9/6uu9xw5f_867a66f6577449d9bea6bce7d66dd396.jpg",https://www.myntra.com/stockings/n2s+next2skin/n2s-next2skin-semi-sheer-pantyhose-stockings/35501833/buy,https://www.myntra.com/women-briefs,3,lingerie_loungewear_briefs,2025-08-12T11:33:15.381962Z
Soie,3Pc High Rise Hipster Briefs,560,590,(5% OFF),"https://assets.myntassets.com/dpr_2,q_60,w_210,c_limit,fl_progressive/assets/images/30115613/2024/7/4/3f0c2e14-b757-4a7a-a640-391f5431d29d1720080832426SoiePackOf3PrintedHighRiseHighWaistHipsterBriefs3FCB-15AP-121.jpg",https://www.myntra.com/briefs/soie/soie-women-pack-of-3-printed-high-rise-high-waist-hipster-briefs-3fcb-15-a-p-12/30115613/buy,https://www.myntra.com/women-briefs,3,lingerie_loungewear_briefs,2025-08-12T11:33:15.761329Z
Trendyol,Sheer Pantyhose Stockings,599,999,(40% OFF),"https://assets.myntassets.com/dpr_2,q_60,w_210,c_limit,fl_progressive/assets/images/2024/AUGUST/6/uURGYODa_9fc9f901283f49ecbf1b5f42df63f8ea.jpg",https://www.myntra.com/stockings/trendyol/trendyol-patterned-sheer-pantyhose-stretchable-stockings/30500644/buy,https://www.myntra.com/women-briefs,3,lingerie_loungewear_briefs,2025-08-12T11:33:16.108320Z
JMT Wear,Pack Of 3 Pantyhose Stockings,399,999,(60% OFF),"https://assets.myntassets.com/dpr_2,q_60,w_210,c_limit,fl_progressive/assets/images/30157233/2024/8/13/d25fe6b8-393e-48f3-84d9-cb4afb89f9d81723496820449-JMT-Wear-Pack-Of-3-Pantyhose-Stockings-3581723496820009-1.jpg",https://www.myntra.com/stockings/jmt+wear/jmt-wear-pack-of-3-pantyhose-stockings/30157233/buy,https://www.myntra.com/women-briefs,3,lingerie_loungewear_briefs,2025-08-12T11:33:16.439323Z
Klassik,Women Thigh-High Stockings,399,1599,(Rs. 1200 OFF),"https://assets.myntassets.com/dpr_2,q_60,w_210,c_limit,fl_progressive/assets/images/2024/OCTOBER/22/vOsy72V8_f59ae5c3d0ff48508824c088f6b3437e.jpg",https://www.myntra.com/stockings/klassik/klassik-women-thigh-high-sheered-stockings/31385650/buy,https://www.myntra.com/women-briefs,3,lingerie_loungewear_briefs,2025-08-12T11:33:16.778079Z
NESKA MODA,Lace Transparent Stockings,389,699,(Rs. 310 OFF),"https://assets.myntassets.com/dpr_2,q_60,w_210,c_limit,fl_progressive/assets/images/2025/FEBRUARY/21/KGlI6gVO_48a16a72c7e541878b1345ebe8d74495.jpg",https://www.myntra.com/stockings/neska+moda/neska-moda-high-rise-lace-breathable-transparent-stockings/32827339/buy,https://www.myntra.com/women-briefs,3,lingerie_loungewear_briefs,2025-08-12T11:33:17.150167Z
Sizi,Dual Tone Pantyhose Stockings,399,1299,(Rs. 900 OFF),"https://assets.myntassets.com/dpr_2,q_60,w_210,c_limit,fl_progressive/assets/images/2025/JULY/21/VT5XJsxa_e8146f377c1a45c6be59e3aa3b6c0ef2.jpg",https://www.myntra.com/stockings/sizi/sizi-dual-tone-pantyhose-stockings/35861146/buy,https://www.myntra.com/women-briefs,3,lingerie_loungewear_briefs,2025-08-12T11:33:17.562947Z
BAESD,Self Design Full Body Stocking,369,899,(Rs. 530 OFF),"https://assets.myntassets.com/dpr_2,q_60,w_210,c_limit,fl_progressive/assets/images/26349496/2023/12/9/483a6607-26e1-47ac-936f-2e5d792efa901702137680491Stockings1.jpg",https://www.myntra.com/stockings/baesd/baesd-self-design-full-body-stockings/26349496/buy,https://www.myntra.com/women-briefs,3,lingerie_loungewear_briefs,2025-08-12T11:33:17.912125Z
VAGHBHATT,Pack Of 2 Pantyhose Stockings,364,1299,(Rs. 935 OFF),"https://assets.myntassets.com/dpr_2,q_60,w_210,c_limit,fl_progressive/assets/images/27831260/2024/2/24/4014d01c-082f-4728-bd43-0575d6521da71708758734962WomenPantyhoseLongExoticHighWaistStockingsTightsTransparentS1.jpg",https://www.myntra.com/stockings/vaghbhatt/vaghbhatt-pack-of-2-high-waist-pantyhose-stockings/27831260/buy,https://www.myntra.com/women-briefs,3,lingerie_loungewear_briefs,2025-08-12T11:33:18.260740Z
BAESD,Women's Sheer Body Stockings,399,1299,(Rs. 900 OFF),"https://assets.myntassets.com/dpr_2,q_60,w_210,c_limit,fl_progressive/assets/images/2024/SEPTEMBER/13/fXasorZ2_56bf63389cee43cf9f8d847db822240b.jpg",https://www.myntra.com/stockings/baesd/baesd-womens-sheer-body-stockings/30889173/buy,https://www.myntra.com/women-briefs,3,lingerie_loungewear_briefs,2025-08-12T11:33:18.660832Z
JMT Wear,Pack Of 2 Socks Stockings,349,999,(65% OFF),"https://assets.myntassets.com/dpr_2,q_60,w_210,c_limit,fl_progressive/assets/images/30157222/2024/8/13/6ae89864-12ab-47d4-94df-c08c4b24f5fa1723496807861-JMT-Wear-Pack-Of-2-Socks-Stockings-5301723496807528-1.jpg",https://www.myntra.com/stockings/jmt+wear/jmt-wear-pack-of-2-socks-stockings/30157222/buy,https://www.myntra.com/women-briefs,3,lingerie_loungewear_briefs,2025-08-12T11:33:19.087320Z
BAESD,Fishnet Pantyhose Stockings,369,899,(Rs. 530 OFF),"https://assets.myntassets.com/dpr_2,q_60,w_210,c_limit,fl_progressive/assets/images/26349504/2023/12/9/8c965f6d-6b0e-4689-a460-8f516b385a301702140398048Stockings1.jpg",https://www.myntra.com/stockings/baesd/baesd-glitter-rhinestone-detail-mid-rise-fishnet-pantyhose-stockings/26349504/buy,https://www.myntra.com/women-briefs,3,lingerie_loungewear_briefs,2025-08-12T11:33:19.517463Z
CareDone,Women Stretchable Stockings,317,1299,(Rs. 982 OFF),"https://assets.myntassets.com/dpr_2,q_60,w_210,c_limit,fl_progressive/assets/images/30005420/2024/6/20/7b2c18ad-ec21-42c9-aef4-3bc98c51276b1718878691728CareDoneWomenStretchableStockings1.jpg",https://www.myntra.com/stockings/caredone/caredone-women-high-waist-stretchable-pantyhose-sheer-stocking/30005420/buy,https://www.myntra.com/women-briefs,3,lingerie_loungewear_briefs,2025-08-12T11:33:19.945373Z
CareDone,High Waist Stockings,321,1299,(Rs. 978 OFF),"https://assets.myntassets.com/dpr_2,q_60,w_210,c_limit,fl_progressive/assets/images/28441556/2024/3/22/bb4a1622-a1ce-4870-ae22-3e8e10e564d01711108398156Stockings1.jpg",https://www.myntra.com/stockings/caredone/caredone-high-waist-pantyhose-sheer-tights-stockings/28441556/buy,https://www.myntra.com/women-briefs,3,lingerie_loungewear_briefs,2025-08-12T11:33:20.314720Z
Jockey,Pack Of 2 Boy Shorts Briefs,489,489,,"https://assets.myntassets.com/dpr_2,q_60,w_210,c_limit,fl_progressive/assets/images/2025/MARCH/24/NFblho26_2440d897df9c4523b349de50eb707d44.jpg",https://www.myntra.com/briefs/jockey/jockey-pack-of-2-high-coverage-super-combed-cotton-boy-leg-with-stayfresh-treatment-ss04/33302373/buy,https://www.myntra.com/women-briefs,3,lingerie_loungewear_briefs,2025-08-12T11:33:20.744855Z
Jockey,Women Low-Rise Boy Shorts,255,255,,"https://assets.myntassets.com/dpr_2,q_60,w_210,c_limit,fl_progressive/assets/images/17056608/2022/2/10/3e049b11-17a7-4b4b-914a-54d3c176be5c1644494362950JockeyWomenBurgandyMid-RiseBoyShortsSS04-01051.jpg",https://www.myntra.com/briefs/jockey/jockey-women-burgundy-low-rise-boy-shorts-ss04-0105/17056608/buy,https://www.myntra.com/women-briefs,3,lingerie_loungewear_briefs,2025-08-12T11:33:21.164362Z
ZORI WORLD,Willow Fishnet Stockings,499,999,(50% OFF),"https://assets.myntassets.com/dpr_2,q_60,w_210,c_limit,fl_progressive/assets/images/32536381/2025/2/25/e5c7f31b-5172-401c-be1e-54d356fe881f1740485946899-WILLOW-FISHNET-STOCKING-8731740485946419-1.jpg",https://www.myntra.com/stockings/zori+world/zori-world-willow-fishnet-stockings/32536381/buy,https://www.myntra.com/women-briefs,4,lingerie_loungewear_briefs,2025-08-12T11:33:31.855358Z
CareDone,Strechable High Waist Stocking,317,1299,(Rs. 982 OFF),"https://assets.myntassets.com/dpr_2,q_60,w_210,c_limit,fl_progressive/assets/images/2024/AUGUST/14/QrnPUxJL_49386eeb126241ccbf4dcc81b7cdfa36.jpg",https://www.myntra.com/stockings/caredone/caredone-women-high-waist-stretchable-summer-pantyhose-sheer-stocking/30575453/buy,https://www.myntra.com/women-briefs,4,lingerie_loungewear_briefs,2025-08-12T11:33:32.220326Z
SECRETS BY ZEROKAATA,Dual-Tone High Waist Stockings,749,2499,(70% OFF),"https://assets.myntassets.com/dpr_2,q_60,w_210,c_limit,fl_progressive/assets/images/28323150/2024/3/18/0a22f976-0c69-403b-8c9e-63af4bb21b0d1710741818957Dual-ToneHighWaistSummerStockings1.jpg",https://www.myntra.com/stockings/secrets+by+zerokaata/secrets-by-zerokaata-dual-tone-high-waist-stretchable-summer-pantyhose-stockings/28323150/buy,https://www.myntra.com/women-briefs,4,lingerie_loungewear_briefs,2025-08-12T11:33:32.724532Z
Brauch,Stretchable Stockings,749,2499,(70% OFF),"https://assets.myntassets.com/dpr_2,q_60,w_210,c_limit,fl_progressive/assets/images/29920733/2024/6/7/fb801430-8f24-4526-a63e-2909c403b5e71717762030865BlackFurStocking1.jpg",https://www.myntra.com/stockings/brauch/brauch-fleece-fur-thermal-stretchable-footless-stockings/29920733/buy,https://www.myntra.com/women-briefs,4,lingerie_loungewear_briefs,2025-08-12T11:33:33.152971Z
Xs and Os,Thigh-High Sheered Stockings,743,978,(24% OFF),"https://assets.myntassets.com/dpr_2,q_60,w_210,c_limit,fl_progressive/assets/images/2025/JULY/7/ZNaLbwH8_1bb56246a3a14cc1a98adc2e5bae0d8b.jpg",https://www.myntra.com/stockings/xs+and+os/xs-and-os-lace-top-thigh-high-sheered-stockings-with-attached-panty/35451811/buy,https://www.myntra.com/women-briefs,4,lingerie_loungewear_briefs,2025-08-12T11:33:33.634475Z
Yuneek,Fleece Thigh High Stockings,749,1499,(50% OFF),"https://assets.myntassets.com/dpr_2,q_60,w_210,c_limit,fl_progressive/assets/images/29898002/2024/6/5/9512a418-a47b-47c5-a62e-8bd6cfeb5c551717581206608Stockings1.jpg",https://www.myntra.com/stockings/yuneek/yuneek-fake-transparent-fleece-thigh-high-stockings/29898002/buy,https://www.myntra.com/women-briefs,4,lingerie_loungewear_briefs,2025-08-12T11:33:34.082698Z
BAESD,Self Design Full Body Stocking,699,1199,(Rs. 500 OFF),"https://assets.myntassets.com/dpr_2,q_60,w_210,c_limit,fl_progressive/assets/images/26671374/2024/1/16/e5d0f67d-5c40-48b1-be18-e7bea1cbea0f1705404968056-BAESD-Self-Design-Sheer-Full-Body-Stockings-6281705404967769-1.jpg",https://www.myntra.com/stockings/baesd/baesd-self-design-sheer-full-body-stockings/26671374/buy,https://www.myntra.com/women-briefs,4,lingerie_loungewear_briefs,2025-08-12T11:33:34.436159Z
SECRETS BY ZEROKAATA,High Waist Stockings,705,2350,(70% OFF),"https://assets.myntassets.com/dpr_2,q_60,w_210,c_limit,fl_progressive/assets/images/2025/FEBRUARY/23/8SkMsAWb_56936e67085642bd99c2a92e8c762068.jpg",https://www.myntra.com/stockings/secrets+by+zerokaata/secrets-by-zerokaata-women-stretchable-high-waist-stockings/32903087/buy,https://www.myntra.com/women-briefs,4,lingerie_loungewear_briefs,2025-08-12T11:33:34.897814Z
HOT BEES,Women Sheer Stockings,697,1550,(55% OFF),"https://assets.myntassets.com/dpr_2,q_60,w_210,c_limit,fl_progressive/assets/images/2024/NOVEMBER/26/5ZFvOJml_18172746143e435391cfd42b975314b6.jpg",https://www.myntra.com/stockings/hot+bees/hot-bees-women-anti-scratch-stretchable-shiny-stockings/31750744/buy,https://www.myntra.com/women-briefs,4,lingerie_loungewear_briefs,2025-08-12T11:33:35.265357Z
Theater,Chandelier Stockings,711,790,(10% OFF),"https://assets.myntassets.com/dpr_2,q_60,w_210,c_limit,fl_progressive/assets/images/20181952/2024/9/6/e87fe940-1ee7-4cc2-8dcc-a0abfde045bf1725609505155-Theater-Women-Self-Design-Chandelier-Stockings-9481725609504-1.jpg",https://www.myntra.com/stockings/theater/theater-women-self-design-chandelier-stockings/20181952/buy,https://www.myntra.com/women-briefs,4,lingerie_loungewear_briefs,2025-08-12T11:33:35.687663Z
SECRETS BY ZEROKAATA,Women High Waist Stockings,720,2250,(68% OFF),"https://assets.myntassets.com/dpr_2,q_60,w_210,c_limit,fl_progressive/assets/images/32901881/2025/7/22/f9fca067-e6e0-4af2-a575-82112e82a0931753177857345-SECRETS-BY-ZEROKAATA-Women-High-Waist-Summer-Pantyhose-Stock-1.jpg",https://www.myntra.com/stockings/secrets+by+zerokaata/secrets-by-zerokaata-women-high-waist-summer-pantyhose-stockings/32901881/buy,https://www.myntra.com/women-briefs,4,lingerie_loungewear_briefs,2025-08-12T11:33:36.107664Z
Klassik,Women Self-Design Babydoll,699,1999,(Rs. 1300 OFF),"https://assets.myntassets.com/dpr_2,q_60,w_210,c_limit,fl_progressive/assets/images/2024/SEPTEMBER/18/oiK9hy9B_e8c64411d5c94fa4ba70fba8ca9818fd.jpg",https://www.myntra.com/stockings/klassik/klassik-women-semi-sheer-self-design-babydoll/30999016/buy,https://www.myntra.com/women-briefs,4,lingerie_loungewear_briefs,2025-08-12T11:33:36.516000Z
CareDone,Women Oil Shiny Sheer Tights,689,3899,(Rs. 3210 OFF),"https://assets.myntassets.com/dpr_2,q_60,w_210,c_limit,fl_progressive/assets/images/2025/JANUARY/9/fKaPZG0r_2078eb9ee1e24d60bfc7c61cba3acd00.jpg",https://www.myntra.com/stockings/caredone/caredone-womens-pack-of-2-oil-shiny-glossy-high-waist-seamless-sheer-tights/32248014/buy,https://www.myntra.com/women-briefs,4,lingerie_loungewear_briefs,2025-08-12T11:33:37.007818Z
SECRETS BY ZEROKAATA,High Rise Pantyhose Stockings,834,1390,(40% OFF),"https://assets.myntassets.com/dpr_2,q_60,w_210,c_limit,fl_progressive/assets/images/26869606/2024/1/11/7760c420-6db1-474a-8cdf-959dc4caeda31704973511831SECRETSBYZEROKAATAOpaquePantyhoseStockings1.jpg",https://www.myntra.com/stockings/secrets+by+zerokaata/secrets-by-zerokaata-high-waist-non-transparent-stockings/26869606/buy,https://www.myntra.com/women-briefs,4,lingerie_loungewear_briefs,2025-08-12T11:33:37.452383Z
Brauch,Opaque Stretchable Stockings,699,1999,(65% OFF),"https://assets.myntassets.com/dpr_2,q_60,w_210,c_limit,fl_progressive/assets/images/2024/AUGUST/8/Rgj5n0Oe_7e7bb5843fcc4a7eaebf2c9f371afa40.jpg",https://www.myntra.com/stockings/brauch/-brauch-opaque-stretchable-stockings/30526892/buy,https://www.myntra.com/women-briefs,4,lingerie_loungewear_briefs,2025-08-12T11:33:37.859985Z
DUNBERRY LONDON,Fur Stockings With Footies,664,3500,(Rs. 2836 OFF),"https://assets.myntassets.com/dpr_2,q_60,w_210,c_limit,fl_progressive/assets/images/26970010/2024/1/18/75327b8d-a306-42b1-bdae-6c902ba835de1705553007386DUNBERRYLONDONFurStockingsWithFooties1.jpg",https://www.myntra.com/stockings/dunberry+london/dunberry-london-thermal-winter-warm-fur-fleece-stockings/26970010/buy,https://www.myntra.com/women-briefs,4,lingerie_loungewear_briefs,2025-08-12T11:33:38.275320Z
BRACHY,Women Stretchable Stockings,689,1499,(54% OFF),"https://assets.myntassets.com/dpr_2,q_60,w_210,c_limit,fl_progressive/assets/images/32119319/2024/12/30/66dc9194-0f4a-4b37-b948-9eeff50168491735544136438BRACHYWoolenStretchableStockings1.jpg",https://www.myntra.com/stockings/brachy/brachy-women-woolen-stretchable-stockings/32119319/buy,https://www.myntra.com/women-briefs,4,lingerie_loungewear_briefs,2025-08-12T11:33:38.668037Z
Theater,Songbird Stockings,711,790,(10% OFF),"https://assets.myntassets.com/dpr_2,q_60,w_210,c_limit,fl_progressive/assets/images/20181956/2024/9/6/f68f2d21-2699-4976-be46-848b072489eb1725609537207-Theater-Women-Self-Design--Songbird-Stockings-39417256095366-1.jpg",https://www.myntra.com/stockings/theater/theater-women-self-design-songbird-stockings/20181956/buy,https://www.myntra.com/women-briefs,4,lingerie_loungewear_briefs,2025-08-12T11:33:39.247069Z
Poftik,Legging Design Stocking,646,1175,(45% OFF),"https://assets.myntassets.com/dpr_2,q_60,w_210,c_limit,fl_progressive/assets/images/30134061/2024/7/5/b9722cbc-cfbe-422c-a5f1-dac903af42421720159635184PoftikHighWaistedWarmDualtoneStockingPerfectPairwithTopDress1.jpg",https://www.myntra.com/stockings/poftik/poftik-opaque-legging-design-stocking/30134061/buy,https://www.myntra.com/women-briefs,4,lingerie_loungewear_briefs,2025-08-12T11:33:39.735304Z
BRACHY,Thigh-High Sheer Stockings,649,999,(35% OFF),"https://assets.myntassets.com/dpr_2,q_60,w_210,c_limit,fl_progressive/assets/images/2025/MARCH/3/yD1onChY_ada8d16f37e546b3b10ae04281a8c7a9.jpg",https://www.myntra.com/stockings/brachy/brachy-women-thigh-high-sheer-stockings/33030218/buy,https://www.myntra.com/women-briefs,4,lingerie_loungewear_briefs,2025-08-12T11:33:40.167643Z
Hill Islands,High-Rise Fish Net Stocking,499,799,(Rs. 300 OFF),"https://assets.myntassets.com/dpr_2,q_60,w_210,c_limit,fl_progressive/assets/images/21334832/2022/12/28/86606f9b-d219-480f-8dac-b3c9cbfafcfd1672228144848WomenBlackSolidHigh-RiseFishNetStocking1.jpg",https://www.myntra.com/stockings/hill+islands/hill-islands-women-black-fishnet-patterned-mesh-pantyhose-stockings/21334832/buy,https://www.myntra.com/women-briefs,4,lingerie_loungewear_briefs,2025-08-12T11:33:40.579373Z
BRACHY,Women Solid Stockings,509,999,(49% OFF),"https://assets.myntassets.com/dpr_2,q_60,w_210,c_limit,fl_progressive/assets/images/20058798/2022/9/18/ae3092b8-6e8f-4a12-921a-3a7d6321e4431663491967929Stockings1.jpg",https://www.myntra.com/stockings/brachy/brachy-women-beige-solid-stockings/20058798/buy,https://www.myntra.com/women-briefs,4,lingerie_loungewear_briefs,2025-08-12T11:33:41.448694Z
Poftik,Dual Tone Pantyhose Stockings,632,1150,(45% OFF),"https://assets.myntassets.com/dpr_2,q_60,w_210,c_limit,fl_progressive/assets/images/30109313/2024/7/4/3d3c3f59-23dd-41cd-9713-74efad717a4c1720064232338PoftikDualToneWinterWarmPantyhoseStocking1.jpg",https://www.myntra.com/stockings/poftik/poftik-fur-lined-high-waist-dual-tone-pantyhose-winter-stockings/30109313/buy,https://www.myntra.com/women-briefs,4,lingerie_loungewear_briefs,2025-08-12T11:33:41.949580Z
Hill Islands,Self-Design Pantyhose Stocking,467,2599,(Rs. 2132 OFF),"https://assets.myntassets.com/dpr_2,q_60,w_210,c_limit,fl_progressive/assets/images/22808112/2023/4/18/e9b20942-33ad-4187-86ae-c52825a4465a1681807633852RhinestoneSelfDesignPantyhoseStockings1.jpg",https://www.myntra.com/stockings/hill+islands/hill-islands-luxe-women-black-fishnet-rhinestone-studded-diamond-mesh-pantyhose-stockings/22808112/buy,https://www.myntra.com/women-briefs,4,lingerie_loungewear_briefs,2025-08-12T11:33:42.620183Z
N2S NEXT2SKIN,Women 2 Pantyhose Stockings,598,665,(10% OFF),"https://assets.myntassets.com/dpr_2,q_60,w_210,c_limit,fl_progressive/assets/images/16483372/2022/5/31/56f13ec8-217b-4829-963a-ad71302f0ae31653978251938-N2S-NEXT2SKIN-Women-Pack-of-2-Pantyhose-Stockings-7981653978-1.jpg",https://www.myntra.com/stockings/n2s+next2skin/n2s-next2skin-women-pack-of-2-pantyhose-stockings/16483372/buy,https://www.myntra.com/women-briefs,4,lingerie_loungewear_briefs,2025-08-12T11:33:43.018884Z
Poftik,Pantyhose Winter Stockings,632,1150,(45% OFF),"https://assets.myntassets.com/dpr_2,q_60,w_210,c_limit,fl_progressive/assets/images/30109312/2024/7/4/9a44e537-48c8-4f6f-8b0a-7bd3a1b927c61720074615024PoftikStretchableStockings1.jpg",https://www.myntra.com/stockings/poftik/poftik-fur-lined-high-waist-dual-tone-pantyhose-winter-stockings/30109312/buy,https://www.myntra.com/women-briefs,4,lingerie_loungewear_briefs,2025-08-12T11:33:43.513934Z
COLOR STYLE,Women Rinestone Stockings,599,1999,(70% OFF),"https://assets.myntassets.com/dpr_2,q_60,w_210,c_limit,fl_progressive/assets/images/24102098/2023/7/19/6f07c8fb-88f2-499c-b861-60eb7fa7868a1689775042658Womendiamondrinestonestocking1.jpg",https://www.myntra.com/stockings/color+style/color-style-women-self-design-rinestone-stockings/24102098/buy,https://www.myntra.com/women-briefs,4,lingerie_loungewear_briefs,2025-08-12T11:33:44.031730Z
N2S NEXT2SKIN,Women Solid Opaque Pantyhose Stockings,441,490,(10% OFF),"https://assets.myntassets.com/dpr_2,q_60,w_210,c_limit,fl_progressive/assets/images/15080688/2023/5/13/be55abcd-c276-4af8-8288-ccda0a21d1ba1683959868904-N2S-NEXT2SKIN-Women-Black-Solid-Opaque-Pantyhose-Stockings-2-1.jpg",https://www.myntra.com/stockings/n2s+next2skin/n2s-next2skin-women-black-solid-opaque-pantyhose-stockings/15080688/buy,https://www.myntra.com/women-briefs,4,lingerie_loungewear_briefs,2025-08-12T11:33:44.481443Z
NESKA MODA,Sheer Stockings,559,1099,(Rs. 540 OFF),"https://assets.myntassets.com/dpr_2,q_60,w_210,c_limit,fl_progressive/assets/images/2025/JUNE/17/x3MaDJJo_ffdfc387ac554a4d8280fbe234a1ce98.jpg",https://www.myntra.com/stockings/neska+moda/neska-moda-black-sheer-stockings/34984141/buy,https://www.myntra.com/women-briefs,4,lingerie_loungewear_briefs,2025-08-12T11:33:44.913862Z
N2S NEXT2SKIN,Pack of 2 Stockings,598,665,(10% OFF),"https://assets.myntassets.com/dpr_2,q_60,w_210,c_limit,fl_progressive/assets/images/16483376/2022/4/28/784e6f2f-453d-490f-b547-d0bfadf1d26d1651131327378N2SNEXT2SKINWomenPackof2BlackBeigeStockings1.jpg",https://www.myntra.com/stockings/n2s+next2skin/n2s-next2skin-women-pack-of-2-black--beige-stockings-/16483376/buy,https://www.myntra.com/women-briefs,4,lingerie_loungewear_briefs,2025-08-12T11:33:45.477278Z
NESKA MODA,Women Black Stockings,579,1099,(Rs. 520 OFF),"https://assets.myntassets.com/dpr_2,q_60,w_210,c_limit,fl_progressive/assets/images/2025/JUNE/25/bjIEMmsC_47b5f2842f36469ebf3f4cd2987420aa.jpg",https://www.myntra.com/stockings/neska+moda/neska-moda-women-black-stockings/35184102/buy,https://www.myntra.com/women-briefs,4,lingerie_loungewear_briefs,2025-08-12T11:33:45.979793Z
COLOR STYLE,Self-Design Stockings,559,1999,(72% OFF),"https://assets.myntassets.com/dpr_2,q_60,w_210,c_limit,fl_progressive/assets/images/23738272/2023/6/23/99161c7f-9edc-479b-b7ce-44b46787ecfe1687514247624COLORSTYLEWomenSelf-DesignSemi-SheerFullBodyStockings1.jpg",https://www.myntra.com/stockings/color+style/color-style-self-design-semi-sheer-full-body-stockings/23738272/buy,https://www.myntra.com/women-briefs,4,lingerie_loungewear_briefs,2025-08-12T11:33:46.598854Z
TOMKOT,Resistant Net Stockings,576,1200,(52% OFF),"https://assets.myntassets.com/dpr_2,q_60,w_210,c_limit,fl_progressive/assets/images/2025/MAY/10/ZQPqe0zF_82134c6aaf0c426c97e5096cde50c97c.jpg",https://www.myntra.com/stockings/tomkot/tomkot-anti-scratch-tear-resistant-net-stockings/34088528/buy,https://www.myntra.com/women-briefs,4,lingerie_loungewear_briefs,2025-08-12T11:33:47.115223Z
NESKA MODA,Women Brown Stockings,579,1099,(Rs. 520 OFF),"https://assets.myntassets.com/dpr_2,q_60,w_210,c_limit,fl_progressive/assets/images/2025/JUNE/25/m2M5nRTJ_d51b96f435ca4d0d8f245a179d66ebcf.jpg",https://www.myntra.com/stockings/neska+moda/neska-moda-women-brown-stockings/35184082/buy,https://www.myntra.com/women-briefs,4,lingerie_loungewear_briefs,2025-08-12T11:33:47.592988Z
Curves By ZeroKaata,Women Plus Size Stockings,737,2950,(75% OFF),"https://assets.myntassets.com/dpr_2,q_60,w_210,c_limit,fl_progressive/assets/images/2025/JANUARY/21/40iURTc2_5c967310bbc2430a880023caf5cd7614.jpg",https://www.myntra.com/stockings/curves+by+zerokaata/curves-by-zerokaata-women-plus-size-dual-toned-high-waist-fur-winter-stockings/32402235/buy,https://www.myntra.com/women-briefs,4,lingerie_loungewear_briefs,2025-08-12T11:33:48.020312Z
Bonjour,Women Solid Stockings,420,525,(20% OFF),"https://assets.myntassets.com/dpr_2,q_60,w_210,c_limit,fl_progressive/assets/images/18353978/2022/7/2/5e53e499-81ae-4767-ab60-1bf22df309d11656746602647BonjourWomenWhiteSolidStockings1.jpg",https://www.myntra.com/stockings/bonjour/bonjour-women-white-solid-stockings/18353978/buy,https://www.myntra.com/women-briefs,4,lingerie_loungewear_briefs,2025-08-12T11:33:48.475636Z
NESKA MODA,Women Beige Stockings,579,1099,(Rs. 520 OFF),"https://assets.myntassets.com/dpr_2,q_60,w_210,c_limit,fl_progressive/assets/images/2025/JUNE/25/5gAr9kbC_a178f1b32ba44042b33d53759a766414.jpg",https://www.myntra.com/stockings/neska+moda/neska-moda-women-beige-stockings/35184076/buy,https://www.myntra.com/women-briefs,4,lingerie_loungewear_briefs,2025-08-12T11:33:48.908868Z
OGIMI- Ohh Give me,Dual Tone Summer Stocking,569,1499,(62% OFF),"https://assets.myntassets.com/dpr_2,q_60,w_210,c_limit,fl_progressive/assets/images/2025/MAY/26/dvNUJBVz_a16e5bdd020946289cddff8e49479ab9.jpg",https://www.myntra.com/stockings/ogimi-+ohh+give+me/ogimi--ohh-give-me-high-waist-stretchable-dual-tone-summer-stocking/34440591/buy,https://www.myntra.com/women-briefs,4,lingerie_loungewear_briefs,2025-08-12T11:33:49.297135Z
Sizi,High Waist Thermal Stockings,569,1499,(Rs. 930 OFF),"https://assets.myntassets.com/dpr_2,q_60,w_210,c_limit,fl_progressive/assets/images/2025/MARCH/4/41Et9k7S_420ccf282fa6468c9d4f62a40971d2b2.jpg",https://www.myntra.com/stockings/sizi/sizi-high-waist-stretchable-fleece-thermal-winter-dual-tone-stockings/33023598/buy,https://www.myntra.com/women-briefs,4,lingerie_loungewear_briefs,2025-08-12T11:33:49.659143Z
NESKA MODA,Sheer Stockings,559,1099,(Rs. 540 OFF),"https://assets.myntassets.com/dpr_2,q_60,w_210,c_limit,fl_progressive/assets/images/2025/JUNE/17/2OE0rpmb_ccacc82321844ab685be92d8c36252e7.jpg",https://www.myntra.com/stockings/neska+moda/neska-moda-skin-sheer-stockings/34984218/buy,https://www.myntra.com/women-briefs,4,lingerie_loungewear_briefs,2025-08-12T11:33:50.013672Z
Bonjour,Women Soft Warm Stockings,535,595,(10% OFF),"https://assets.myntassets.com/dpr_2,q_60,w_210,c_limit,fl_progressive/assets/images/2024/DECEMBER/26/L6uFhwO0_bb06917f18b843618277fdb25bda2eb0.jpg",https://www.myntra.com/stockings/bonjour/bonjour-women-soft-warm-breathable-stockings/32072963/buy,https://www.myntra.com/women-briefs,4,lingerie_loungewear_briefs,2025-08-12T11:33:50.335110Z
OGIMI- Ohh Give me,Anti Scratch Shiny Stockings,579,999,(42% OFF),"https://assets.myntassets.com/dpr_2,q_60,w_210,c_limit,fl_progressive/assets/images/2025/JUNE/14/BFaLvxku_82ed54c8f31d464483f68c94e4de3c38.jpg",https://www.myntra.com/stockings/ogimi-+ohh+give+me/ogimi--ohh-give-me-semi-sheer-anti-scratch-shiny-stockings-/34923448/buy,https://www.myntra.com/women-briefs,4,lingerie_loungewear_briefs,2025-08-12T11:33:50.783607Z
NESKA MODA,Women Beige Stockings,579,1099,(Rs. 520 OFF),"https://assets.myntassets.com/dpr_2,q_60,w_210,c_limit,fl_progressive/assets/images/2025/JUNE/25/L0lfkZcC_a0b5860731bd4d61971a495c029ae3d7.jpg",https://www.myntra.com/stockings/neska+moda/neska-moda-women-beige-stockings/35184073/buy,https://www.myntra.com/women-briefs,4,lingerie_loungewear_briefs,2025-08-12T11:33:51.136759Z
Secret Lives,Fish Net Full Body Stocking,527,1599,(67% OFF),"https://assets.myntassets.com/dpr_2,q_60,w_210,c_limit,fl_progressive/assets/images/26719958/2023/12/29/e1e22d4f-4411-43f3-86b7-6462159287e61703856777094Stockings1.jpg",https://www.myntra.com/stockings/secret+lives/secret-lives-self-design-fish-net-full-body-stocking/26719958/buy,https://www.myntra.com/women-briefs,4,lingerie_loungewear_briefs,2025-08-12T11:33:51.518293Z
Brauch,Stretchable Stockings,599,1999,(70% OFF),"https://assets.myntassets.com/dpr_2,q_60,w_210,c_limit,fl_progressive/assets/images/2024/AUGUST/7/Vcl19Ogk_909c1bd86f254170b0521d6f73df239f.jpg",https://www.myntra.com/stockings/brauch/-brauch-stretchable--stockings/30521019/buy,https://www.myntra.com/women-briefs,4,lingerie_loungewear_briefs,2025-08-12T11:33:51.942044Z
HSR,Thigh-High Opaque Stockings,549,999,(45% OFF),"https://assets.myntassets.com/dpr_2,q_60,w_210,c_limit,fl_progressive/assets/images/2025/APRIL/15/93aCC0fb_715d5e2fce26440d8604b96d54a118e4.jpg",https://www.myntra.com/stockings/hsr/hsr-thigh-high-opaque-stockings/33608246/buy,https://www.myntra.com/women-briefs,4,lingerie_loungewear_briefs,2025-08-12T11:33:52.360616Z
N2S NEXT2SKIN,Women Pack Of 2 Stockings,517,550,(6% OFF),"https://assets.myntassets.com/dpr_2,q_60,w_210,c_limit,fl_progressive/assets/images/14890286/2023/5/13/f613d4a9-8f34-4651-98ab-d88532d973031683959843651-N2S-NEXT2SKIN-Women-Pack-Of-2-Nude-Solid-Opaque-Thigh-High-S-1.jpg",https://www.myntra.com/stockings/n2s+next2skin/n2s-next2skin-women-pack-of-2-nude-solid-opaque-thigh-high-stockings/14890286/buy,https://www.myntra.com/women-briefs,4,lingerie_loungewear_briefs,2025-08-12T11:33:52.777076Z
COLOR STYLE,High-Rise Fishnet Stockings,359,999,(64% OFF),"https://assets.myntassets.com/dpr_2,q_60,w_210,c_limit,fl_progressive/assets/images/21786116/2023/2/1/a01bef9d-e374-4d16-9863-8dfbed73f1f61675215004567WomenBlackSolidHigh-RiseSheerFishNetStocking1.jpg",https://www.myntra.com/stockings/color+style/color-style-high-rise-sheer-fishnet-stockings/21786116/buy,https://www.myntra.com/women-briefs,4,lingerie_loungewear_briefs,2025-08-12T11:33:53.248173Z
SECRETS BY ZEROKAATA,Women Stretchable Stockings,705,2350,(70% OFF),"https://assets.myntassets.com/dpr_2,q_60,w_210,c_limit,fl_progressive/assets/images/32902239/2025/7/22/6b860361-ed3f-4d47-9c71-8e3dc1b8fdd11753177862962-SECRETS-BY-ZEROKAATA-Women-Stretchable-High-Waist-Summer-Sto-1.jpg",https://www.myntra.com/stockings/secrets+by+zerokaata/secrets-by-zerokaata-women-stretchable-high-waist-summer-stockings/32902239/buy,https://www.myntra.com/women-briefs,4,lingerie_loungewear_briefs,2025-08-12T11:33:53.678212Z
Sizi,Dual Tone Stocking,499,1499,(Rs. 1000 OFF),"https://assets.myntassets.com/dpr_2,q_60,w_210,c_limit,fl_progressive/assets/images/2025/JUNE/27/bsINgFEy_ee167797aff9491c8239d5487bb00584.jpg",https://www.myntra.com/stockings/sizi/sizi-high-waist-stretchable-thermal-winter-dual-tone-stocking/35157810/buy,https://www.myntra.com/women-briefs,4,lingerie_loungewear_briefs,2025-08-12T11:33:54.064541Z
